protein_name,uniprot_id,alphafold_id,mw_da,sequence_length,theoretical_pI,net_charge_at_ph,sasa_total_A2,radius_gyration_A,max_dimension_A,min_dimension_A,aspect_ratio,surface_pos_residue_frac,surface_neg_residue_frac,surface_hydrophobic_frac,surface_polar_frac,surface_hbond_donor_density,surface_hbond_acceptor_density,pos_patch_count,neg_patch_count,hyd_patch_count,max_pos_patch_area_A2,max_neg_patch_area_A2,max_hyd_patch_area_A2,pdb_id_or_alphafold_id,source,ph_assumed,ionic_strength_mM,buffer,surface_net_charge_index,surface_aromatic_frac,max_pos_patch_size_res,max_neg_patch_size_res,surface_residue_count,alphafold_pdb_url,sasa_per_residue_A2,net_charge_per_sasa,max_hyd_patch_size_res,alphafold_version,effective_diameter_A,effective_size_geom_A,shape_anisotropy_index,ph_distance_from_neutral,mw_da_norm,sequence_length_norm,theoretical_pI_norm,net_charge_at_ph_norm,sasa_total_A2_norm,radius_gyration_A_norm,max_dimension_A_norm,min_dimension_A_norm,aspect_ratio_norm,surface_pos_residue_frac_norm,surface_neg_residue_frac_norm,surface_hydrophobic_frac_norm,surface_polar_frac_norm,surface_hbond_donor_density_norm,surface_hbond_acceptor_density_norm,pos_patch_count_norm,neg_patch_count_norm,hyd_patch_count_norm,max_pos_patch_area_A2_norm,max_neg_patch_area_A2_norm,max_hyd_patch_area_A2_norm,ph_assumed_norm,ionic_strength_mM_norm,surface_net_charge_index_norm,surface_aromatic_frac_norm,max_pos_patch_size_res_norm,max_neg_patch_size_res_norm,surface_residue_count_norm,sasa_per_residue_A2_norm,net_charge_per_sasa_norm,max_hyd_patch_size_res_norm,effective_diameter_A_norm,effective_size_geom_A_norm,shape_anisotropy_index_norm,ph_distance_from_neutral_norm,electrostatic_interaction_score,transport_size_score,surface_interaction_score,protein_stability_score,overall_protein_interaction_profile
Human Serum Albumin,P02768,AF-P02768-F1,69367.0,609,5.916962,-12.099766,30999.442895,27.12736,95.491001,58.757002,1.625185,0.290043,0.307359,0.225108,0.17316,47.186147,44.82684,49,50,13,62.5,37.5,100.0,AF-P02768-F1,UniProt/AlphaFold,7.4,150.0,PBS,-0.017316,0.038961,5,3,231,https://alphafold.ebi.ac.uk/files/AF-P02768-F1-model_v6.pdb,134.196722,-0.00039,8,v4,54.25472,74.90503946156763,1.6251850460307693,1.4830380000000005,0.44400437527256087,0.42868400315208827,0.3239465667045299,0.44688919899670343,0.41554583209648005,0.4542189574977974,0.44959772643783036,0.2562598099560967,0.08480532153952211,0.7201379112733433,0.9526823231237818,0.06071671979119231,0.06522358631525438,0.5063288517056548,0.5063288570347442,0.6764705882352942,0.6103896103896104,0.08391608391608392,0.3,0.2857142857142857,0.0,0.0,0.0,0.2678761187979974,0.10756501837084163,0.3,0.2857142857142857,0.13625685199686766,0.8902962230502574,0.10645929217584511,0.0,0.4542189574977974,0.34124995540931746,0.08480532318203929,0.41054326277658765,0.45994643130956103,0.5175126014415229,,0.5549092199308042,
Lysozyme (human),P61626,AF-P61626-F1,16537.0,148,9.380359,8.102003,9022.640644,18.202418,71.897001,41.643,1.726509,0.316667,0.066667,0.283333,0.233333,56.666667,53.833333,11,3,4,50.0,25.0,125.0,AF-P61626-F1,UniProt/AlphaFold,7.4,150.0,PBS,0.25,0.05,4,2,60,https://alphafold.ebi.ac.uk/files/AF-P61626-F1-model_v6.pdb,150.377344,0.000898,10,v4,36.404836,54.717518334103936,1.7265086809307688,1.980359,0.06631540567784552,0.06540583136327817,0.8526491711555949,0.8009885904793537,0.11844926749118165,0.2864691179090367,0.32541808562415186,0.16618561222597145,0.09854975622632767,0.8030590888138632,0.06082748501174609,0.2340038630607464,0.29694696467906156,0.8304070246449298,0.8304069904929332,0.11764705882352942,0.0,0.02097902097902098,0.2,0.14285714285714285,0.015748031496062992,0.0,0.0,1.0,0.16874019806150214,0.2,0.14285714285714285,0.0023492560689115163,1.0,0.1473416917949532,0.015748031496062992,0.2864691179090367,0.2349992508858375,0.09854970759786633,0.5486848768124939,0.9433629683808648,0.6806809795583413,,0.3112176127508444,
Bovine serum albumin (BSA),P02769,AF-P02769-F1,69293.0,607,6.084386,-13.899106,30374.357409,27.193318,99.507004,65.892998,1.51013,0.277061,0.263716,0.261944,0.197279,44.578313,42.349398,56,54,20,112.5,100.0,1425.0,AF-P02769-F1,UniProt/AlphaFold,7.4,150.0,PBS,0.013345,0.055422,9,8,498,https://alphafold.ebi.ac.uk/files/AF-P02769-F1-model_v6.pdb,60.992686,-0.000458,114,v4,54.386636,80.97416140694507,1.5101301658789297,1.315614,0.4434753390478778,0.42710795902285265,0.34950456795232665,0.41535011947003464,0.4070955239782103,0.45545867915868843,0.47073470236589066,0.293817893372552,0.06919829918657103,0.6797051165456153,0.7909685116978783,0.17034669333309516,0.15810471510651736,0.4171837332892683,0.4171837503754796,0.7794117647058824,0.6623376623376623,0.13286713286713286,0.7,1.0,0.8346456692913385,0.0,0.0,0.35185033029874785,0.19878746903557237,0.7,1.0,0.34534064212999216,0.393976660232157,0.10430090461831457,0.8346456692913385,0.45545867915868843,0.373192880866272,0.06919831793312081,0.36403764248637743,0.5162498497033929,0.5214752148636047,,0.5929460430507371,
Ovalbumin (chicken),P01012,AF-P01012-F1,42881.0,386,4.954459,-11.866559,16473.487117,21.783969,73.757996,52.970001,1.392448,0.194943,0.224834,0.25465,0.325574,47.601476,45.221402,27,32,15,62.5,50.0,337.5,AF-P01012-F1,UniProt/AlphaFold,7.4,150.0,PBS,-0.029891,0.024679,5,4,271,https://alphafold.ebi.ac.uk/files/AF-P01012-F1-model_v6.pdb,60.787775,-0.00072,27,v4,43.567938,62.50568871613204,1.39244845398436,2.4455410000000004,0.2546523016650343,0.25295508274231676,0.17701630058373496,0.45097688343609554,0.2191746080228816,0.35378659803708296,0.33521285084649877,0.22580173987182112,0.053234928585206565,0.42394635538003467,0.6468960048614559,0.14863855382243596,0.6521626950507554,0.5205262863915894,0.520526271776923,0.3529411764705882,0.37662337662337664,0.0979020979020979,0.3,0.42857142857142855,0.1496062992125984,0.0,0.0,0.2334357642882966,0.028418001762270786,0.3,0.42857142857142855,0.16758026624902114,0.3925873742925591,0.09598476432312332,0.14960629921259844,0.35378659803708296,0.27598985021770067,0.0532349872789461,0.6778991917126309,0.33838812152334374,0.6284684062032685,,0.26190685572828576,
Avidin,P02701,AF-P02701-F1,16768.0,152,10.345617,5.874696,11347.857219,23.117754,76.992004,58.406998,1.318198,0.242588,0.089902,0.414254,0.253256,48.905109,46.459854,15,8,6,25.0,37.5,450.0,AF-P02701-F1,UniProt/AlphaFold,7.4,150.0,PBS,0.152686,0.036518,2,3,137,https://alphafold.ebi.ac.uk/files/AF-P02701-F1-model_v6.pdb,82.831075,0.000518,36,v4,46.235508,67.05871922161944,1.3181982748026186,2.9456170000000004,0.06796685659543741,0.06855791962174941,0.9999999999999999,0.7619480463891283,0.14988304245561557,0.3788559172321988,0.352234040633248,0.25441767335342863,0.04316303766602342,0.5723380134298421,0.14692194250735516,0.6236462174444869,0.373669495833269,0.5650891374612932,0.5650891457543481,0.1764705882352941,0.06493506493506494,0.03496503496503497,0.0,0.2857142857142857,0.2204724409448819,0.0,0.0,0.7334768462221053,0.09402656706326996,0.0,0.2857142857142857,0.06264682850430697,0.5420398036513479,0.13528011426757658,0.2204724409448819,0.3788559172321988,0.2999533024845968,0.04316307260054861,0.8168060663079525,0.6735861821546718,0.6067563919009517,,0.17121698353933362,
Streptavidin,P22629,AF-P22629-F1,18834.0,183,8.574321,1.012386,12425.016881,26.857353,95.706001,57.470001,1.665321,0.170599,0.08416,0.429689,0.315551,47.272727,44.909091,11,12,6,25.0,25.0,725.0,AF-P22629-F1,UniProt/AlphaFold,7.4,150.0,PBS,0.086439,0.038935,2,2,165,https://alphafold.ebi.ac.uk/files/AF-P22629-F1-model_v6.pdb,75.303133,8.1e-05,58,v4,53.714706,74.16349488242852,1.6653210254859747,1.174320999999999,0.08273697605753627,0.0929866036249015,0.7296039673032707,0.676720806527114,0.16444478039440247,0.4491440078860417,0.45072931170420905,0.2494860826564932,0.09024970421874548,0.3481263003151901,0.12564566211399228,0.669583307291899,0.6135645958810209,0.5092884666015767,0.5092884718987174,0.11764705882352942,0.11688311688311688,0.03496503496503497,0.0,0.14285714285714285,0.39370078740157477,0.0,0.0,0.5520398549533857,0.1074209333385056,0.0,0.14285714285714285,0.08457321848081442,0.49100074779437275,0.1214093001110935,0.39370078740157477,0.4491440078860417,0.33734706740877396,0.09024970277898645,0.3247904699922027,0.7309114274496217,0.5207727578542961,,0.619182062579996,
Concanavalin A,P02866,AF-P02866-F1,31480.0,290,5.587401,-5.54144,16481.039091,25.937559,113.256996,45.575001,2.485068,0.17146,0.110712,0.378797,0.339031,48.230088,45.818584,22,20,6,25.0,50.0,712.5,AF-P02866-F1,UniProt/AlphaFold,7.4,150.0,PBS,0.060748,0.100738,2,4,226,https://alphafold.ebi.ac.uk/files/AF-P02866-F1-model_v6.pdb,72.924952,-0.000336,57,v4,51.875118,71.8448864287292,2.4850684259995957,1.8125990000000005,0.17314497737297768,0.17730496453900713,0.27363764773696797,0.5618444410720308,0.21927670047044348,0.4318559071953364,0.5431034854357792,0.18688046989567667,0.2014470424723162,0.35080790840797815,0.22403085838786416,0.5181203739252326,0.7039849658805589,0.5420144988997329,0.5420145056427383,0.27941176470588236,0.2207792207792208,0.03496503496503497,0.0,0.42857142857142855,0.3858267716535433,0.0,0.0,0.48167745752128044,0.4499165969332054,0.0,0.42857142857142855,0.13234142521534847,0.4748768041060451,0.10817330582447232,0.3858267716535433,0.4318559071953364,0.32514379687525097,0.2014470893280767,0.5020859252889033,0.5851041249563009,0.5009950630286379,,0.4641650494288354,
BPTI,P00974,AF-P00974-F1,10903.0,100,8.916382,6.202632,8764.913793,29.094294,93.084999,36.196999,2.571622,0.237126,0.075271,0.459056,0.228547,43.157895,41.0,10,4,3,37.5,25.0,400.0,AF-P00974-F1,UniProt/AlphaFold,7.4,150.0,PBS,0.161854,0.049252,3,2,95,https://alphafold.ebi.ac.uk/files/AF-P00974-F1-model_v6.pdb,92.26225,0.000708,32,v4,58.188588,58.046512519857735,2.5716220010393678,1.5163820000000001,0.026037161220214898,0.027580772261623324,0.7818210655975569,0.7676961537972099,0.1149651499583337,0.49118870620671673,0.4369344873025844,0.13752228900604546,0.213187950844289,0.5553264647622369,0.09270855719992002,0.7569843126400656,0.2785163049338406,0.36862875210152146,0.36862873732742507,0.10294117647058824,0.012987012987012991,0.013986013986013988,0.09999999999999998,0.14285714285714285,0.1889763779527559,0.0,0.0,0.7585861241660368,0.1645949825158355,0.10000000000000003,0.14285714285714285,0.029757243539545807,0.605982680419249,0.1413109030312649,0.1889763779527559,0.49118870620671673,0.2525203707577427,0.21318793941783953,0.41980527660349864,0.8428437234137862,0.43774864732067015,,0.576982875028726,
Ribonuclease A,P61823,AF-P61823-F1,16461.0,150,8.694382,5.645573,9916.527379,22.046427,76.462997,42.179001,1.812821,0.224833,0.058151,0.356542,0.360473,55.639098,52.857143,13,8,11,62.5,25.0,250.0,AF-P61823-F1,UniProt/AlphaFold,7.4,150.0,PBS,0.166682,0.043052,5,2,133,https://alphafold.ebi.ac.uk/files/AF-P61823-F1-model_v6.pdb,74.560356,0.000569,20,v4,44.092854,56.79025292183508,1.8128214321624165,1.2943819999999988,0.06577207117681963,0.06698187549251379,0.7479318007549366,0.7579319468646422,0.13053340398572844,0.3587196594954977,0.34944977771691665,0.16900668587417744,0.11025783769456385,0.5170395794142196,0.0292724860863057,0.4518858462573251,0.7865570942251111,0.7952810311246337,0.7952810171423126,0.14705882352941174,0.06493506493506494,0.06993006993006994,0.3,0.14285714285714285,0.09448818897637795,0.0,0.0,0.771809029261292,0.13023624403571088,0.3,0.14285714285714285,0.05951448707909162,0.4859647583045127,0.1368989049357245,0.09448818897637795,0.3587196594954977,0.24590844121416428,0.11025789033416708,0.3581399974056136,0.8710996597993991,0.6045277103931133,,0.520576317423845,
DNase I,P00639,AF-P00639-F1,31346.0,282,5.301225,-6.846396,13017.263935,19.018649,64.121994,48.552002,1.320687,0.195561,0.121552,0.293418,0.389469,53.266332,50.603015,15,17,13,50.0,62.5,275.0,AF-P00639-F1,UniProt/AlphaFold,7.4,150.0,PBS,0.074009,0.058989,4,5,199,https://alphafold.ebi.ac.uk/files/AF-P00639-F1-model_v6.pdb,65.413387,-0.000526,22,v4,38.037298,55.7965158493968,1.3206869203869287,2.0987750000000007,0.17218699285801095,0.17100078802206464,0.22995163757659998,0.5389709924393079,0.17245115744286516,0.30181068755927903,0.284496767637213,0.20254898370774588,0.04350066644040518,0.4258711333142309,0.2641971557518582,0.26401847602551165,0.8982193194596343,0.7141713799565088,0.7141713560549348,0.1764705882352941,0.18181818181818182,0.08391608391608392,0.2,0.5714285714285714,0.11023622047244094,0.0,0.0,0.5179966258038365,0.21855482712566981,0.2,0.5714285714285714,0.11119812059514489,0.42394878345866244,0.10214251706078402,0.11023622047244094,0.30181068755927903,0.24067821688939434,0.04350065328070549,0.5815774700624793,0.568128870932538,0.6836890946804859,,0.29723540730510895,
Trypsin,P00760,AF-P00760-F1,25785.0,246,8.095386,3.230556,12024.2406,21.782621,93.742996,51.549,1.818522,0.142417,0.068656,0.389,0.399927,54.497354,51.772487,17,4,6,37.5,62.5,712.5,AF-P00760-F1,UniProt/AlphaFold,7.4,150.0,PBS,0.073761,0.115305,3,5,189,https://alphafold.ebi.ac.uk/files/AF-P00760-F1-model_v6.pdb,63.620321,0.000269,57,v4,43.565242,69.51516166135269,1.818522105181478,0.6953859999999992,0.13243063548689205,0.14263199369582347,0.6564924580357018,0.7156011960219681,0.1590268285513417,0.3537612615381157,0.4403976487468702,0.21832274547596292,0.11103116900944954,0.2603526890829585,0.068197481825121,0.5484861742305872,0.93849258306505,0.7562521266463584,0.7562521418715245,0.20588235294117646,0.012987012987012991,0.03496503496503497,0.09999999999999998,0.5714285714285714,0.3858267716535433,0.0,0.0,0.5173174044981979,0.5306430071654594,0.10000000000000003,0.5714285714285714,0.1033672670321065,0.4117918890871007,0.1273766068877956,0.3858267716535433,0.3537612615381157,0.3128820191009209,0.11103117725266584,0.19175596326860406,0.7745690187836547,0.609228346044329,,0.6491777289851147,
Chymotrypsin,P00766,AF-P00766-F1,25666.0,245,8.200542,3.278828,10722.850118,16.468926,49.558998,39.814999,1.244732,0.220654,0.067423,0.296024,0.415899,55.307263,52.541899,16,7,5,25.0,50.0,787.5,AF-P00766-F1,UniProt/AlphaFold,7.4,150.0,PBS,0.153231,0.073576,2,4,179,https://alphafold.ebi.ac.uk/files/AF-P00766-F1-model_v6.pdb,59.904191,0.000306,63,v4,32.937852,44.420619714396175,1.24473186599854,0.8005420000000001,0.13157988804449622,0.14184397163120566,0.672544978458182,0.7164473142913954,0.14143379399625122,0.2538870568795756,0.20784899225147785,0.15656450060492183,0.03319749506307784,0.5040239694028827,0.06362875076886593,0.2717743591575075,0.9999999999999999,0.7839377207875105,0.7839376799405968,0.19117647058823528,0.05194805194805195,0.027972027972027975,0.0,0.42857142857142855,0.43307086614173224,0.0,0.0,0.734969489817158,0.2993920719981823,0.0,0.42857142857142855,0.09553641346906813,0.3865967206543762,0.12855102364704016,0.4330708661417323,0.2538870568795756,0.18080474499068744,0.03319747508472598,0.22096530605839151,0.8893346951782257,0.7350471180921824,,0.5463419787036728,
Pepsin A,P00791,AF-P00791-F1,41262.0,385,3.79487,-30.401639,16766.699949,21.429889,82.000999,45.757999,1.792058,0.086946,0.186391,0.348385,0.378279,47.619048,45.238095,12,27,13,62.5,37.5,537.5,AF-P00791-F1,UniProt/AlphaFold,7.4,150.0,PBS,-0.099445,0.064987,5,3,273,https://alphafold.ebi.ac.uk/files/AF-P00791-F1-model_v6.pdb,61.416483,-0.001813,43,v4,42.859778,61.25521716752787,1.7920582366374893,3.6051300000000004,0.2430778469655483,0.25216706067769895,0.0,0.12609144646855874,0.22313844789778547,0.347131444065036,0.3785973194302943,0.1878436226425454,0.10744137074298135,0.08758673958813487,0.5044501589607155,0.42760927729811915,0.8551271584590024,0.5211269603688491,0.5211269313546099,0.13235294117647056,0.3116883116883117,0.08391608391608392,0.3,0.2857142857142857,0.2755905511811024,0.0,0.0,0.042941576012532734,0.2517941357391839,0.3,0.2857142857142857,0.16914643696162882,0.3968499818856738,0.06129185843516903,0.2755905511811024,0.347131444065036,0.26940838426222935,0.10744139701276947,0.9999999999999999,0.0,0.6170547569307075,,0.0,
Papain,P00784,AF-P00784-F1,38922.0,345,7.183381,-0.503427,17882.873338,23.132868,90.730003,49.780998,1.822583,0.187415,0.124268,0.337646,0.350671,50.8,48.26,22,22,8,50.0,37.5,587.5,AF-P00784-F1,UniProt/AlphaFold,7.4,150.0,PBS,0.063147,0.146668,4,3,250,https://alphafold.ebi.ac.uk/files/AF-P00784-F1-model_v6.pdb,71.531493,-2.8e-05,47,v4,46.265736,67.2058784473724,1.8225830466476385,0.21661900000000056,0.22634886364448764,0.2206461780929866,0.5172709310861799,0.6501514273355447,0.2382275985207185,0.3791399942688388,0.4245397022980218,0.20901741982885497,0.11158203700975666,0.40050019310069884,0.27426096236077047,0.3956482531405968,0.7488100556077574,0.6298633073590492,0.6298632987606541,0.27941176470588236,0.24675324675324678,0.04895104895104895,0.2,0.2857142857142857,0.30708661417322836,0.0,0.0,0.48824782813509926,0.7044483482867734,0.2,0.2857142857142857,0.15113547376664058,0.46542922444411294,0.117949531820346,0.30708661417322836,0.3791399942688388,0.3007278290505212,0.11158203728306418,0.05876812216169605,0.7879885371373607,0.5836659933034731,,0.7753421067235977,
Proteinase K,P06873,AF-P06873-F1,40300.0,384,7.068065,-0.930582,18496.285851,29.110833,97.017998,85.347,1.136748,0.175407,0.115389,0.361243,0.347962,48.897059,46.452206,25,21,11,50.0,37.5,400.0,AF-P06873-F1,UniProt/AlphaFold,7.4,150.0,PBS,0.060018,0.090726,4,3,272,https://alphafold.ebi.ac.uk/files/AF-P06873-F1-model_v6.pdb,68.001051,-5e-05,32,v4,58.221666,90.99557722936868,1.136747606828594,0.33193500000000054,0.23620037604466781,0.25137903861308114,0.4996674425069384,0.6426641956199077,0.24652010387326181,0.4914995670052472,0.4576345976332006,0.39620794935070663,0.018549642281703138,0.363100948062141,0.24136091122655426,0.465876792766731,0.7383778246738241,0.5648139595921295,0.5648139498967941,0.32352941176470584,0.2337662337662338,0.06993006993006994,0.2,0.2857142857142857,0.1889763779527559,0.0,0.0,0.4796781367425861,0.3944327760198172,0.2,0.2857142857142857,0.16836335160532498,0.44149301100917804,0.11725122996349788,0.1889763779527559,0.4914995670052472,0.42593746920538694,0.01854958794215722,0.0907996236751342,0.7682974123630835,0.5023172370140337,,0.8393362999121758,
Carbonic anhydrase II,P00921,AF-P00921-F1,29114.0,260,6.916341,-1.982385,11781.192409,17.387004,50.488998,41.776001,1.208565,0.273872,0.178233,0.315797,0.232098,45.16129,42.903226,18,20,7,62.5,37.5,525.0,AF-P00921-F1,UniProt/AlphaFold,7.4,150.0,PBS,0.095639,0.039396,5,3,186,https://alphafold.ebi.ac.uk/files/AF-P00921-F1-model_v6.pdb,63.339744,-0.000168,42,v4,34.774008,45.926337007614684,1.208564649354542,0.4836590000000003,0.1562301164594608,0.1536643026004728,0.4765061144935073,0.6242280476637745,0.15574114659657293,0.2711429042822781,0.21274375642697674,0.16688562139812793,0.028291500734807157,0.6697728886618743,0.474221685354123,0.33062204801742834,0.29219103806281665,0.4371119778397381,0.4371119893134192,0.22058823529411764,0.2207792207792208,0.04195804195804196,0.3,0.2857142857142857,0.26771653543307083,0.0,0.0,0.5772367743561091,0.10997567179646327,0.3,0.2857142857142857,0.10101801096319499,0.409889591596607,0.1135057927313125,0.26771653543307083,0.2711429042822781,0.1887296171038865,0.02829145163524935,0.13294423097702537,0.8025105540226642,0.7194266118393053,,0.6302119336667883,
Catalase,P00432,AF-P00432-F1,59915.0,527,7.282722,-0.839974,29801.345136,27.249353,95.276001,73.595001,1.294599,0.258212,0.133257,0.374131,0.2344,45.221445,42.960373,43,39,27,87.5,50.0,925.0,AF-P00432-F1,UniProt/AlphaFold,7.4,150.0,PBS,0.124955,0.088944,7,4,429,https://alphafold.ebi.ac.uk/files/AF-P00432-F1-model_v6.pdb,69.467005,-2.8e-05,74,v4,54.498706,83.7367147007273,1.2945988138515006,0.11727800000000066,0.37643072127655014,0.3640661938534279,0.5324357664858678,0.6442523851325914,0.39934917508538054,0.45651189185871,0.44846614117145156,0.33435497763490146,0.03996187195825504,0.6209993895526292,0.30756860507340344,0.5042335931524419,0.30105593123738805,0.439168291469493,0.4391682939252959,0.5882352941176471,0.4675324675324676,0.1818181818181818,0.5,0.42857142857142855,0.5196850393700787,0.0,0.0,0.6575273057920049,0.38455740957278783,0.5,0.42857142857142855,0.2913077525450274,0.4514321030066663,0.117949531820346,0.5196850393700787,0.45651189185871,0.38773271623757494,0.03996184453921239,0.031174020806754344,0.8945210055642758,0.5301674932948859,,0.8589643612161919,
Horseradish peroxidase,P00433,AF-P00433-F1,38825.0,353,5.940038,-5.266607,18561.942069,26.341774,95.236,72.169006,1.319625,0.143504,0.07768,0.406678,0.372138,46.494465,44.169742,21,18,8,37.5,37.5,1062.5,AF-P00433-F1,UniProt/AlphaFold,7.4,150.0,PBS,0.065824,0.074286,3,3,271,https://alphafold.ebi.ac.uk/files/AF-P00433-F1-model_v6.pdb,68.494251,-0.000284,85,v4,52.683548,82.90408587889983,1.3196246599267283,1.459962,0.2256553972418625,0.22695035460992907,0.32746921839600895,0.5666617517768187,0.2474076869069531,0.43945337969536735,0.448255608416845,0.32684969888173954,0.04335660787937931,0.2637381803685108,0.10163481276725042,0.6010987997130975,0.8314784577704525,0.482684680413892,0.4826846823999438,0.2647058823529412,0.19480519480519481,0.04895104895104895,0.09999999999999998,0.2857142857142857,0.6062992125984251,0.0,0.0,0.4955795839221744,0.3033267017273579,0.10000000000000003,0.2857142857142857,0.16758026624902114,0.4448368813988091,0.10982383748611332,0.6062992125984252,0.43945337969536735,0.3833504348090062,0.04335655939649835,0.40413340699834255,0.6324087260051835,0.5460944338391333,,0.5482525470976982,
Glucose oxidase,P13006,AF-P13006-F1,65638.0,605,4.835176,-26.220657,22738.093681,24.254541,91.467003,47.558998,1.923232,0.173824,0.185821,0.317175,0.323179,44.389027,42.169576,39,38,24,75.0,50.0,525.0,AF-P13006-F1,UniProt/AlphaFold,7.4,150.0,PBS,-0.011998,0.068324,6,4,401,https://alphafold.ebi.ac.uk/files/AF-P13006-F1-model_v6.pdb,56.703476,-0.001153,42,v4,48.509082,65.95512878270343,1.9232323397561908,2.5648240000000007,0.4173452390314348,0.425531914893617,0.15880723221336435,0.1993762752377578,0.3038635935955443,0.4002225364098459,0.4284186713274226,0.19732261768051246,0.12523490905184237,0.35817065118538916,0.5023380935089188,0.33472320187617355,0.6429396632726935,0.4107132589858562,0.4107132653470986,0.5294117647058824,0.4545454545454546,0.16083916083916083,0.39999999999999997,0.42857142857142855,0.26771653543307083,0.0,0.0,0.2824410337310065,0.270286895466309,0.4000000000000001,0.42857142857142855,0.26938136256851997,0.3648960391577257,0.08224091414061262,0.26771653543307083,0.4002225364098459,0.2941448993181137,0.12523494834404703,0.7110326128773214,0.2731844537068359,0.5580324808088051,,0.27250444438125904,
Alkaline phosphatase,P00634,AF-P00634-F1,49439.0,471,6.017185,-7.389982,20947.678307,24.696184,111.612,58.532997,1.906822,0.236272,0.168986,0.336753,0.257989,45.283019,43.018868,32,37,20,62.5,37.5,400.0,AF-P00634-F1,UniProt/AlphaFold,7.4,150.0,PBS,0.067286,0.046728,5,3,318,https://alphafold.ebi.ac.uk/files/AF-P00634-F1-model_v6.pdb,65.873202,-0.000353,32,v4,49.392368,80.82688204529481,1.9068218905654188,1.3828150000000008,0.30153634979303245,0.3199369582348306,0.3392460432375116,0.5294429421077509,0.27965960564694703,0.4085234914642876,0.5344455634039094,0.25508082968821216,0.12300891942243097,0.5526666583612603,0.4399580551212029,0.3929905387749514,0.3918960550840278,0.4412731116081101,0.4412731032463755,0.4264705882352941,0.4415584415584416,0.13286713286713286,0.3,0.2857142857142857,0.1889763779527559,0.0,0.0,0.49958370307073763,0.15060765091521705,0.3,0.2857142857142857,0.20438527799530148,0.42706630528187456,0.10763370893508968,0.1889763779527559,0.4085234914642876,0.37241772200262035,0.123008897903427,0.382704166934022,0.631029777994318,0.5504735425679034,,0.5406837569482039,
β-Galactosidase,P00722,AF-P00722-F1,116483.0,1024,5.199604,-37.595298,39337.986041,32.748044,108.982002,63.711002,1.710568,0.188483,0.195488,0.352335,0.263694,44.889503,42.645028,71,80,16,62.5,37.5,1687.5,AF-P00722-F1,UniProt/AlphaFold,7.4,150.0,PBS,-0.007005,0.060141,5,3,724,https://alphafold.ebi.ac.uk/files/AF-P00722-F1-model_v6.pdb,54.334235,-0.000956,135,v4,65.496088,83.32678169343878,1.7105680114715507,2.2003960000000005,0.7808431693559341,0.7557131599684792,0.21443875026771753,0.0,0.5282716278785725,0.5598632114749229,0.5206033913694644,0.2823336397683779,0.09638738567895128,0.4038265083656206,0.5381579824957944,0.4393651247161482,0.4138657403841709,0.42782132348864255,0.4278213224686622,1.0,1.0000000000000002,0.1048951048951049,0.3,0.2857142857142857,0.9999999999999999,0.0,0.0,0.29611584009815844,0.2249389024045575,0.3,0.2857142857142857,0.5223179326546593,0.34883270820517115,0.08849388985875259,0.9999999999999999,0.5598632114749229,0.3855751620457143,0.09638738200513211,0.6098048905010749,0.25608095722585955,0.4080076611900331,,0.4803279657044133,
GFP,P42212,AF-P42212-F1,26886.0,238,5.984408,-7.245933,11040.295038,17.553974,57.881001,35.961998,1.609505,0.284365,0.225065,0.242695,0.247875,46.857143,44.514286,20,21,12,62.5,37.5,325.0,AF-P42212-F1,UniProt/AlphaFold,7.4,150.0,PBS,0.059299,0.083974,5,3,175,https://alphafold.ebi.ac.uk/files/AF-P42212-F1-model_v6.pdb,63.0874,-0.000656,26,v4,35.107948,45.623639072305465,1.6095045942664252,1.4155920000000002,0.14030183661359621,0.13632781717888104,0.33424249173414877,0.5319678528343157,0.14572521884078757,0.2742812093509424,0.25164925263082655,0.13628543473076976,0.08267835521477068,0.7024536246869899,0.6477519471761314,0.11305851435850267,0.3529475192162541,0.49508231510115297,0.49508231335510233,0.25,0.2337662337662338,0.07692307692307693,0.3,0.2857142857142857,0.14173228346456693,0.0,0.0,0.47770894271535147,0.3570150014685589,0.3,0.2857142857142857,0.09240407204385279,0.4081787123800598,0.09801618790668148,0.14173228346456693,0.2742812093509424,0.18713646117942517,0.08267829569160548,0.3918086843046032,0.615695830044732,0.6981593587518558,,0.4264850386237488,
Firefly luciferase,P08659,AF-P08659-F1,60745.0,550,6.883545,-2.95722,23512.900384,23.913055,81.805,59.042,1.385539,0.299742,0.183548,0.295317,0.221393,42.278481,40.164557,45,34,13,50.0,62.5,1500.0,AF-P08659-F1,UniProt/AlphaFold,7.4,150.0,PBS,0.116195,0.069015,4,5,395,https://alphafold.ebi.ac.uk/files/AF-P08659-F1-model_v6.pdb,59.52633,-0.000126,120,v4,47.82611,69.49770363112727,1.3855391077538024,0.5164550000000006,0.38236450595880667,0.3821907013396375,0.4714996625575677,0.6071410054202963,0.3143379295369338,0.39380409450604337,0.37756573998552706,0.2577598078060847,0.05229773404836299,0.7503457125415789,0.49391576934763104,0.2696702112778754,0.2509665891341517,0.3385672277993501,0.3385672241445792,0.6176470588235294,0.4025974025974026,0.08391608391608392,0.2,0.5714285714285714,0.8818897637795275,0.0,0.0,0.6335354564476726,0.2741162322872391,0.2,0.5714285714285714,0.26468285043069695,0.38403484269554333,0.11483891445802255,0.8818897637795275,0.39380409450604337,0.31279013421820884,0.05229774582734839,0.14205402600663727,0.8260430562175152,0.5887633235515072,,0.7206738333521039,
Ubiquitin,P0CG47,AF-P0CG47-F1,25762.0,229,7.447675,0.060483,13593.642401,21.001923,58.089001,49.266998,1.179065,0.278467,0.183406,0.28045,0.257678,47.894737,45.5,21,19,11,37.5,37.5,237.5,AF-P0CG47-F1,UniProt/AlphaFold,7.4,150.0,PBS,0.095061,0.029057,3,3,190,https://alphafold.ebi.ac.uk/files/AF-P0CG47-F1-model_v6.pdb,71.545486,4e-06,19,v4,42.003846,53.496454986185746,1.179065162444036,0.04767499999999991,0.13226620530895,0.12923561859732074,0.5576165588443577,0.6600357195403996,0.1802430127003005,0.33908755673787544,0.25274399558620697,0.20631214156411687,0.0242898740396435,0.684084142072282,0.49338960567367485,0.2254235825275368,0.3906984087863338,0.5305509990734196,0.5305509861496744,0.2647058823529412,0.2077922077922078,0.06993006993006994,0.09999999999999998,0.2857142857142857,0.08661417322834644,0.0,0.0,0.5756537505066772,0.05267970451484906,0.10000000000000003,0.2857142857142857,0.10415035238841033,0.4655240962574992,0.11896524361212507,0.08661417322834647,0.33908755673787544,0.2285725657983056,0.024289894756957225,0.011840289149049775,0.8597324715338251,0.6528158116764722,,0.7808194620242298,
Insulin,P01308,AF-P01308-F1,11981.0,110,4.995651,-3.422765,13934.817193,28.124803,92.428001,41.983002,2.201558,0.121946,0.100201,0.52525,0.252604,35.454545,33.681818,6,8,8,37.5,37.5,300.0,AF-P01308-F1,UniProt/AlphaFold,7.4,150.0,PBS,0.021745,0.116144,3,3,110,https://alphafold.ebi.ac.uk/files/AF-P01308-F1-model_v6.pdb,126.680156,-0.000246,24,v4,56.249606,62.292896471740676,2.2015576923250983,2.4043490000000007,0.033743932168977024,0.035460992907801414,0.18330443840984845,0.598980868493288,0.1848552332351836,0.4729665194706296,0.43347658378239684,0.16797510642941013,0.16298937520635504,0.19659519864455763,0.1850836303811352,0.9539885060550052,0.37115867465610985,0.10530062310524646,0.10530062916508998,0.044117647058823525,0.06493506493506494,0.04895104895104895,0.09999999999999998,0.2857142857142857,0.12598425196850394,0.0,0.0,0.37485621323166923,0.5352925203243021,0.10000000000000003,0.2857142857142857,0.04150352388410337,0.8393342958825614,0.11102999523885099,0.12598425196850394,0.4729665194706296,0.27486988478257074,0.16298932462706445,0.6664572269346163,0.4720014405502122,0.47270370565368225,,0.36596813958105684,
Calmodulin,P0DP23,AF-P0DP23-F1,16838.0,149,3.830048,-24.080214,10308.349123,20.931917,61.438,37.5,1.638347,0.205005,0.320129,0.271554,0.203312,32.374101,30.755396,10,10,3,37.5,75.0,375.0,AF-P0DP23-F1,UniProt/AlphaFold,7.4,150.0,PBS,-0.115124,0.029621,3,6,139,https://alphafold.ebi.ac.uk/files/AF-P0DP23-F1-model_v6.pdb,74.160785,-0.002336,30,v4,41.863834,47.99921874364207,1.6383466666666668,3.5699520000000002,0.06846729626743497,0.06619385342789598,0.005370074588440077,0.23689425516334245,0.13583030263142473,0.33777175039759316,0.2703704045421012,0.1443802273022167,0.08659072528737785,0.4552847300950553,1.0,0.19894762844379366,0.18133751290069156,0.0,0.0,0.10294117647058824,0.09090909090909093,0.013986013986013988,0.09999999999999998,0.7142857142857142,0.1732283464566929,0.0,0.0,0.0,0.05580524137013783,0.10000000000000003,0.7142857142857142,0.06421299921691465,0.48325568767301375,0.04469131883827965,0.1732283464566929,0.33777175039759316,0.19963958190125508,0.08659067537290369,0.9902285531908864,0.014518266484007843,0.6333646911447722,,0.0003280274217083361,
Myoglobin,P68082,AF-P68082-F1,17083.0,154,7.865959,1.026745,8124.377066,15.181066,40.438999,36.896,1.096027,0.355043,0.208158,0.280577,0.156223,41.6,39.52,10,13,2,100.0,37.5,600.0,AF-P68082-F1,UniProt/AlphaFold,7.4,150.0,PBS,0.146884,0.021993,8,3,125,https://alphafold.ebi.ac.uk/files/AF-P68082-F1-model_v6.pdb,64.995017,0.000126,48,v4,30.362132,38.62689875079282,1.0960266424544667,0.4659589999999998,0.07021883511942636,0.07013396375098503,0.6214694293643152,0.676972493058244,0.1063059620145298,0.2296809266422271,0.15984872947106302,0.14120126218178516,0.013025905310389246,0.9225821923781283,0.5851051215734517,0.22580155534325586,0.0,0.31537431402942917,0.31537430882588513,0.10294117647058824,0.12987012987012986,0.006993006993006993,0.6000000000000001,0.2857142857142857,0.31496062992125984,0.0,0.0,0.717586354224866,0.01353290957555875,0.6000000000000001,0.2857142857142857,0.05324980422866093,0.4211122565833381,0.12283764481828283,0.31496062992125984,0.2296809266422271,0.15031130647941576,0.013025856103148686,0.12802767493286957,0.9024172969562937,0.76597712132339,,0.6010976435542557,
Cytochrome c,P00004,AF-P00004-F1,11833.0,105,10.199187,8.977477,6292.709658,12.77069,35.316002,27.969,1.262684,0.3799,0.15068,0.272795,0.196625,47.959184,45.561224,12,5,2,50.0,62.5,462.5,AF-P00004-F1,UniProt/AlphaFold,7.4,150.0,PBS,0.22922,0.040281,4,5,98,https://alphafold.ebi.ac.uk/files/AF-P00004-F1-model_v6.pdb,64.211323,0.001427,37,v4,25.54138,31.428542122376594,1.2626837570166969,2.799187,0.032685859719610806,0.031520882584712376,0.977646824095023,0.8163340194197044,0.08154430250642143,0.1843764095542058,0.13288543679709708,0.09421678928428123,0.035632654467538105,1.0,0.37212740571665714,0.20264104784778703,0.15558619202390667,0.5327540286552799,0.5327539923189843,0.13235294117647056,0.025974025974025983,0.006993006993006993,0.2,0.5714285714285714,0.22834645669291337,0.0,0.0,0.943087827696892,0.11488010462790037,0.2,0.5714285714285714,0.03210649960845733,0.41579885195817273,0.16413267735280115,0.22834645669291337,0.1843764095542058,0.11242500739636549,0.035632619573848334,0.7761319814748611,0.8278063323700672,0.8037460505878449,,0.048686294165915606,
Hemoglobin alpha,P69905,AF-P69905-F1,15258.0,142,8.980149,2.838018,7900.621152,14.662841,44.399002,26.867001,1.652548,0.328841,0.097465,0.405859,0.167835,39.2,37.24,17,9,1,62.5,37.5,812.5,AF-P69905-F1,UniProt/AlphaFold,7.4,150.0,PBS,0.231377,0.047809,5,3,125,https://alphafold.ebi.ac.uk/files/AF-P69905-F1-model_v6.pdb,63.204969,0.000359,65,v4,29.325682,34.53792163887402,1.6525477480720683,1.5801490000000005,0.05717165795663332,0.06067769897557132,0.7915553752877343,0.7087207358536622,0.10328108548334593,0.2199405652347372,0.1806909669111363,0.0884167621588666,0.08851706768392084,0.8409753454010886,0.17494571621251084,0.5986613214762962,0.04471726305087875,0.23333370707387613,0.23333370275594545,0.20588235294117646,0.07792207792207793,0.0,0.3,0.2857142857142857,0.44881889763779526,0.0,0.0,0.9489954097785958,0.15659826322118714,0.3,0.2857142857142857,0.05324980422866093,0.4089758240950609,0.13023329630217428,0.44881889763779526,0.2199405652347372,0.12879025413333503,0.08851702870743344,0.4375179336242713,0.9270980061298371,0.7505537585294517,,0.3467792507023645,
Hemoglobin beta,P68871,AF-P68871-F1,15998.0,147,7.282472,-0.345698,7897.923216,15.08029,46.871002,33.647999,1.39298,0.326967,0.154892,0.339295,0.178846,38.709677,36.774194,12,10,1,62.5,37.5,787.5,AF-P68871-F1,UniProt/AlphaFold,7.4,150.0,PBS,0.172075,0.058974,5,3,124,https://alphafold.ebi.ac.uk/files/AF-P68871-F1-model_v6.pdb,63.692929,-4.4e-05,63,v4,30.16058,39.71291261573492,1.3929803671237626,0.11752800000000008,0.06246202020346447,0.06461780929866037,0.5323976028993335,0.6529161229876516,0.10324461304718482,0.2277867790013352,0.19370156588084947,0.1241064246153501,0.05330709351408208,0.8351387210504677,0.3877344577920393,0.40055594741713596,0.08712010351360922,0.21657270852209787,0.21657273497041274,0.13235294117647056,0.09090909090909093,0.0,0.3,0.2857142857142857,0.43307086614173224,0.0,0.0,0.7865793538633451,0.21847170114547598,0.3,0.2857142857142857,0.05246671887235709,0.41228416755678915,0.11744167592445645,0.4330708661417323,0.2277867790013352,0.15602720084523697,0.0533071404214088,0.03124346368873378,0.9718322502414399,0.7544441741915285,,0.6766927993877249,
Ferritin heavy chain,P02794,AF-P02794-F1,21226.0,183,5.285566,-10.313709,10880.323124,18.92506,62.037003,37.312,1.662656,0.273758,0.218612,0.204707,0.302922,52.380952,49.761905,13,15,9,112.5,50.0,375.0,AF-P02794-F1,UniProt/AlphaFold,7.4,150.0,PBS,0.055146,0.056459,9,4,147,https://alphafold.ebi.ac.uk/files/AF-P02794-F1-model_v6.pdb,74.015804,-0.000948,30,v4,37.85012,48.11158546479216,1.6626555263722127,2.114434,0.09983771456350937,0.0929866036249015,0.22756122317042626,0.4781954522685495,0.14356261549477203,0.3000516240564268,0.2735230695156672,0.14339074809254593,0.08988820133255523,0.6694178325380906,0.6238411430350009,0.0,0.5649309139081008,0.6839059163788808,0.6839059287867388,0.14705882352941174,0.15584415584415584,0.05594405594405595,0.7,0.42857142857142855,0.1732283464566929,0.0,0.0,0.46633472464149167,0.20453424513297386,0.7,0.42857142857142855,0.07047768206734534,0.48227272402143406,0.08874781780669735,0.1732283464566929,0.3000516240564268,0.20023098899932362,0.08988813220845027,0.5859270944181534,0.5171003649571031,0.6699856652074231,,0.2923688576046666,
Ferritin light chain,P02792,AF-P02792-F1,20020.0,175,5.587763,-6.498256,10131.171552,18.545256,66.990997,30.940001,2.165191,0.281951,0.223708,0.288332,0.206009,44.604317,42.374101,14,12,6,62.5,87.5,575.0,AF-P02792-F1,UniProt/AlphaFold,7.4,150.0,PBS,0.058243,0.056984,5,7,139,https://alphafold.ebi.ac.uk/files/AF-P02792-F1-model_v6.pdb,72.886126,-0.000641,46,v4,37.090512,45.52693174562719,2.1651905247191165,1.8122370000000005,0.09121585392880888,0.08668242710795902,0.27369290861026985,0.5450732383441477,0.13343510213464563,0.29291297149429596,0.29959686774882466,0.10985372397263757,0.15805625120557482,0.6949351555394984,0.6427237492496609,0.2488817064133354,0.1917235324019162,0.41807264326563187,0.4180726315560699,0.16176470588235292,0.11688311688311688,0.03496503496503497,0.3,0.8571428571428572,0.2992125984251968,0.0,0.0,0.4748167745752128,0.2074436544397586,0.3,0.8571428571428572,0.06421299921691465,0.47461356584216063,0.09849230280907793,0.2992125984251969,0.29291297149429596,0.18662747240723904,0.15805617815847656,0.5019853719957968,0.5757963237796931,0.6544016357862118,,0.3535548218047591,
Transferrin,P02787,AF-P02787-F1,77064.0,698,7.118765,-3.059516,31200.448371,29.751789,94.855003,81.962997,1.157291,0.277487,0.202753,0.296589,0.22317,48.148148,45.740741,51,54,30,100.0,62.5,1175.0,AF-P02787-F1,UniProt/AlphaFold,7.4,150.0,PBS,0.074734,0.033431,8,5,513,https://alphafold.ebi.ac.uk/files/AF-P02787-F1-model_v6.pdb,60.819587,-9.8e-05,94,v4,59.503578,88.17369407212102,1.1572905636918083,0.28123500000000057,0.49903129177777616,0.4988179669030733,0.5074070178561315,0.6053479470326318,0.4182631535568274,0.5035467339429656,0.4462503498506379,0.3783973077870714,0.021336266593525083,0.681031905218702,0.5650775535612387,0.273455891762871,0.2578097321277284,0.5392134958439252,0.5392135026171672,0.7058823529411765,0.6623376623376623,0.20279720279720279,0.6000000000000001,0.5714285714285714,0.6771653543307087,0.0,0.0,0.5199822526045946,0.07691924033937568,0.6000000000000001,0.5714285714285714,0.3570869224745497,0.3928030580006591,0.11572766227582924,0.6771653543307087,0.5035467339429656,0.4110853696510433,0.02133620625134472,0.07671660720967136,0.7850293714435537,0.4893411973065862,,0.8601531822211587,
β-Lactoglobulin,P02754,AF-P02754-F1,19883.0,178,4.652752,-7.495371,10757.707021,19.562572,88.308006,37.371002,2.363009,0.21921,0.186839,0.357862,0.236089,38.77551,36.836735,12,11,5,50.0,75.0,662.5,AF-P02754-F1,UniProt/AlphaFold,7.4,150.0,PBS,0.032371,0.019551,4,6,147,https://alphafold.ebi.ac.uk/files/AF-P02754-F1-model_v6.pdb,73.18168,-0.000697,53,v4,39.125144,57.447007483784674,2.3630087841904803,2.747248,0.09023642199932796,0.08904649330181245,0.1309594157734989,0.5275956691897721,0.14190501205681363,0.31203405887067104,0.41179227848214467,0.14370128666876397,0.18488993898807948,0.49952659183495485,0.506110168298268,0.4558143826096789,0.3075601903911027,0.21882311655447473,0.21882313038454426,0.13235294117647056,0.10389610389610392,0.027972027972027975,0.2,0.7142857142857142,0.3543307086614173,0.0,0.0,0.40395865514181484,0.0,0.2,0.7142857142857142,0.07047768206734534,0.4766174066149445,0.09671480717346453,0.3543307086614173,0.31203405887067104,0.24936506347430015,0.1848898996818667,0.7617048060863074,0.4292179832361091,0.6263359745687067,,0.16187964716077932,
Casein beta,P02666,AF-P02666-F1,25107.0,224,5.053946,-6.717209,29320.732554,39.875152,113.606003,91.728004,1.238509,0.126779,0.101106,0.54071,0.231405,34.375,32.65625,15,14,18,50.0,50.0,262.5,AF-P02666-F1,UniProt/AlphaFold,7.4,150.0,PBS,0.025672,0.0867,4,4,224,https://alphafold.ebi.ac.uk/files/AF-P02666-F1-model_v6.pdb,130.896127,-0.000229,21,v4,79.750304,102.08257391743221,1.238509485064125,2.3460540000000005,0.1275835198066873,0.1252955082742317,0.19220342351795905,0.5412353999814132,0.3928519447154897,0.6938216420990966,0.5449403746407238,0.4297923684721208,0.032353355302942144,0.21164770957654885,0.18843699745811074,0.9999999999999999,0.2895223278239035,0.06839790350698283,0.06839790096950393,0.1764705882352941,0.14285714285714285,0.1188811188811189,0.2,0.42857142857142855,0.10236220472440943,0.0,0.0,0.38561146350281,0.3721217629357879,0.2,0.42857142857142855,0.1307752545027408,0.8679183603400701,0.11156959212823363,0.10236220472440943,0.6938216420990966,0.48429040920819155,0.03235341934562108,0.6502645357146132,0.46591768833611386,0.29539388478569634,,0.5548147452992732,
GAPDH,P04406,AF-P04406-F1,36053.0,335,8.651481,3.681172,15139.391841,20.26055,69.311005,44.706001,1.550374,0.270875,0.144306,0.337623,0.247195,44.223108,42.011952,25,28,3,50.0,25.0,1312.5,AF-P04406-F1,UniProt/AlphaFold,7.4,150.0,PBS,0.126569,0.078464,4,2,251,https://alphafold.ebi.ac.uk/files/AF-P04406-F1-model_v6.pdb,60.316302,0.000243,105,v4,40.5211,55.665230250498425,1.5503736288110401,1.251481,0.20583798623075988,0.21276595744680848,0.7413827766512734,0.7234996553792822,0.20113944900252312,0.3251529897876993,0.3118075043566428,0.1823067601445922,0.07465733188894955,0.660438650039243,0.34850932643638977,0.39557980137082105,0.35032887136277513,0.4050415525419153,0.4050415247807968,0.32352941176470584,0.3246753246753247,0.013986013986013988,0.2,0.14285714285714285,0.7637795275590551,0.0,0.0,0.6619477218698304,0.3264800580773515,0.2,0.14285714285714285,0.1519185591229444,0.3893908118347113,0.1265513410569751,0.7637795275590551,0.3251529897876993,0.23998723619450546,0.07465727748692,0.3462233210863867,0.8011677822686636,0.649961251049994,,0.5033286250748781,
Enolase 1,P06733,AF-P06733-F1,47169.0,434,7.405049,0.014245,16415.989674,21.107326,64.555,52.266998,1.235101,0.346014,0.165022,0.262829,0.226135,45.255474,42.992701,35,27,16,50.0,75.0,300.0,AF-P06733-F1,UniProt/AlphaFold,7.4,150.0,PBS,0.180992,0.044085,4,6,274,https://alphafold.ebi.ac.uk/files/AF-P06733-F1-model_v6.pdb,59.912371,1e-06,24,v4,42.214652,58.0869697599212,1.2351005887118294,0.005048999999999637,0.28530780614396933,0.29078014184397166,0.5511095146858823,0.6592252535033226,0.21839732056341457,0.3410686717235161,0.28677575931095073,0.2221017034205649,0.03189106568337882,0.8944611244689729,0.4252699367862516,0.17298059838751423,0.2692278069594417,0.44033152472536385,0.440331543360835,0.4705882352941176,0.3116883116883117,0.1048951048951049,0.2,0.7142857142857142,0.12598425196850394,0.0,0.0,0.811001194114876,0.13596085320506068,0.2,0.7142857142857142,0.16992952231793265,0.3866521806296138,0.11887002063164578,0.12598425196850394,0.3410686717235161,0.2527333047892505,0.03189100816242671,0.0,1.0,0.6483009922223416,,0.7918304273426635,
Aldolase A,P04075,AF-P04075-F1,39420.0,364,8.139122,3.197027,15074.153288,19.522035,71.824997,44.878998,1.600414,0.283138,0.16511,0.296448,0.255304,46.212121,43.901515,30,23,7,50.0,50.0,1200.0,AF-P04075-F1,UniProt/AlphaFold,7.4,150.0,PBS,0.118028,0.061036,4,4,264,https://alphafold.ebi.ac.uk/files/AF-P04075-F1-model_v6.pdb,57.099065,0.000212,96,v4,39.04407,56.7752930130088,1.600414452212146,0.7391220000000001,0.2299091344538416,0.235618597320725,0.6631689485183904,0.7150134950885982,0.20025751223325364,0.3112721407262831,0.32503911508684796,0.18321727575541885,0.08144517595084755,0.6986320995652119,0.42559601004898506,0.273036252652506,0.3815562470155115,0.473033149942951,0.47303314483664494,0.39705882352941174,0.25974025974025977,0.04195804195804196,0.2,0.42857142857142855,0.6929133858267716,0.0,0.0,0.6385556687591065,0.22989875255612385,0.2,0.42857142857142855,0.1620986687548943,0.3675781120359978,0.1255673702586891,0.6929133858267716,0.3112721407262831,0.24582970441223784,0.08144523287351968,0.2039045788136434,0.8397443160293949,0.661579448315877,,0.605650008194921,
LDHA,P00338,AF-P00338-F1,36689.0,332,8.373543,3.20161,17010.992711,21.724687,73.664001,49.306999,1.493987,0.270631,0.145882,0.355736,0.227751,45.714286,43.428571,33,22,9,50.0,37.5,1050.0,AF-P00338-F1,UniProt/AlphaFold,7.4,150.0,PBS,0.12475,0.08621,4,3,245,https://alphafold.ebi.ac.uk/files/AF-P00338-F1-model_v6.pdb,69.432623,0.000188,84,v4,43.449374,60.26732799488458,1.493986705619622,0.9735429999999994,0.2103848381077661,0.2104018912529551,0.6989543329943896,0.7150938265442824,0.2264409547647632,0.3526723559511959,0.33471813755759977,0.20652267431872345,0.06700852766995993,0.6596787053532497,0.3543490021417085,0.4494870581512663,0.27545094656418,0.456015364291402,0.4560153323817582,0.4411764705882353,0.24675324675324678,0.05594405594405595,0.2,0.2857142857142857,0.5984251968503936,0.0,0.0,0.6569658526966181,0.36940631424945547,0.2,0.2857142857142857,0.1472200469851214,0.4511989948320186,0.1248055864148548,0.5984251968503936,0.3526723559511959,0.2642089385293072,0.06700848410190724,0.26902005815980234,0.8253267656930202,0.6249914826815016,,0.5867569964421478,
TPI1,P60174,AF-P60174-F1,26669.0,249,6.890422,-1.125063,11219.999676,17.034151,50.728001,44.498001,1.140006,0.236979,0.173617,0.343356,0.246048,45.402299,43.132184,18,19,13,75.0,50.0,325.0,AF-P60174-F1,UniProt/AlphaFold,7.4,150.0,PBS,0.063361,0.042684,6,4,174,https://alphafold.ebi.ac.uk/files/AF-P60174-F1-model_v6.pdb,64.482757,-0.0001,26,v4,34.068302,47.51099492986861,1.1400062892712866,0.5095780000000003,0.13875047363040385,0.1449960598896769,0.4725494664959583,0.6392553058461984,0.1481545818565561,0.2645108125388905,0.21400167397776892,0.18121201718921182,0.018991584646884274,0.5548686292341999,0.457117660572555,0.4126421490284312,0.34591182858639213,0.44535052977380096,0.44535052136805153,0.22058823529411764,0.2077922077922078,0.08391608391608392,0.39999999999999997,0.42857142857142855,0.14173228346456693,0.0,0.0,0.4888339303907714,0.1281968866549551,0.4000000000000001,0.42857142857142855,0.09162098668754895,0.4176391603834346,0.11566418028884305,0.14173228346456693,0.2645108125388905,0.19706996853213277,0.018991622855587587,0.1401437912091424,0.7534877919747673,0.729158646509247,,0.6191928042994134,
PKM,P14618,AF-P14618-F1,57937.0,531,7.88443,2.400014,23644.663502,24.919736,75.119003,59.339001,1.26593,0.303646,0.185386,0.328554,0.182414,43.342037,41.174935,43,39,14,75.0,50.0,1000.0,AF-P14618-F1,UniProt/AlphaFold,7.4,150.0,PBS,0.11826,0.055041,6,4,383,https://alphafold.ebi.ac.uk/files/AF-P14618-F1-model_v6.pdb,61.735414,0.000102,80,v4,49.839472,66.76441113449593,1.265929687626524,0.4844299999999997,0.36228972597353387,0.36721828211189916,0.6242891077918288,0.7010433413706857,0.3161191882138053,0.41272529043841505,0.3423760855843517,0.25932297969306034,0.036072969052368675,0.7625048275174725,0.5007262540851792,0.3685889709318071,0.10086030283892233,0.3749233860373584,0.37492337479358495,0.5882352941176471,0.4675324675324676,0.09090909090909091,0.39999999999999997,0.42857142857142855,0.5669291338582677,0.0,0.0,0.6391910693353491,0.1966760691386486,0.4000000000000001,0.42857142857142855,0.25528582615505085,0.3990123175045615,0.12207586097444852,0.5669291338582677,0.41272529043841505,0.29840430390243355,0.036072924722124894,0.1331583928250503,0.8628756677283511,0.5752504013208766,,0.7428343995042674,
Creatine kinase B,P12277,AF-P12277-F1,42644.0,381,5.294717,-14.118664,16901.620049,21.554158,64.389999,52.771,1.220178,0.240873,0.232969,0.307997,0.218161,42.198582,40.088652,25,31,17,150.0,75.0,525.0,AF-P12277-F1,UniProt/AlphaFold,7.4,150.0,PBS,0.007905,0.062752,12,6,282,https://alphafold.ebi.ac.uk/files/AF-P12277-F1-model_v6.pdb,59.934823,-0.000835,42,v4,43.108316,58.291720142992865,1.2201777301927195,2.105283,0.252957955918414,0.24901497241922776,0.2289581630919344,0.4115016765839118,0.22496238469024485,0.3494671572624838,0.2859073281456588,0.2247543603388228,0.029866785169076177,0.5669965989360773,0.6770392547743795,0.30740796957170025,0.23852030992467532,0.33583599344304127,0.33583595563416746,0.32352941176470584,0.36363636363636365,0.11188811188811189,1.0,0.7142857142857142,0.26771653543307083,0.0,0.0,0.33695128230409394,0.2394083646903003,1.0000000000000002,0.7142857142857142,0.17619420516836337,0.38680440402375005,0.09233455007141725,0.26771653543307083,0.3494671572624838,0.253810944402131,0.02986674694961025,0.583385207166172,0.4219245421313216,0.6405772604209794,,0.3337612768642129,
SOD1,P00441,AF-P00441-F1,15936.0,154,6.066886,-5.596456,7851.13375,14.35223,42.187,34.710999,1.215378,0.219534,0.217034,0.317952,0.24548,42.608696,40.478261,11,13,8,87.5,37.5,425.0,AF-P00441-F1,UniProt/AlphaFold,7.4,150.0,PBS,0.0025,0.025823,7,3,115,https://alphafold.ebi.ac.uk/files/AF-P00441-F1-model_v6.pdb,68.270728,-0.000713,34,v4,28.70446,38.266864449716806,1.2153784453164254,1.3331140000000001,0.062018773636838075,0.07013396375098503,0.3468331168949129,0.5608801130410643,0.10261208291611519,0.21410243817189417,0.169048786109274,0.1297011926998182,0.029215673028846173,0.5005356987130772,0.6179940565737111,0.3370356812290366,0.34372448743819217,0.3498551607267786,0.3498551479544758,0.11764705882352942,0.12987012987012986,0.04895104895104895,0.5,0.2857142857142857,0.20472440944881887,0.0,0.0,0.3221480921549939,0.03475774318505505,0.5,0.2857142857142857,0.04541895066562255,0.4433214070656755,0.096206951277575,0.20472440944881887,0.21410243817189417,0.14841637852365486,0.029215731850063598,0.36889864422494945,0.5439272231604911,0.7761589845447512,,0.39679451647430364,
Thioredoxin,P0AA25,AF-P0AA25-F1,11807.0,109,4.4494,-5.238057,5949.064393,12.728191,37.676003,34.403,1.095137,0.222027,0.233494,0.372866,0.171613,35.714286,33.928571,10,9,3,25.0,50.0,275.0,AF-P0AA25-F1,UniProt/AlphaFold,7.4,150.0,PBS,-0.011468,0.056495,2,4,84,https://alphafold.ebi.ac.uk/files/AF-P0AA25-F1-model_v6.pdb,70.822195,-0.00088,22,v4,25.456382,36.00232674715622,1.0951371392029765,2.9506000000000006,0.03249998212715457,0.034672970843183604,0.09991684917765864,0.5671621801119228,0.0768986845266841,0.18357761439870984,0.1453065640540235,0.1280801362790768,0.012905178267721584,0.5083002155252961,0.6789845782168239,0.5004687458147693,0.05926616244858973,0.11417950197659743,0.11417947375700899,0.10294117647058824,0.07792207792207793,0.013986013986013988,0.0,0.42857142857142855,0.11023622047244094,0.0,0.0,0.2838925953922503,0.20473374748543904,0.0,0.42857142857142855,0.021143304620203605,0.46062022083579063,0.09090620536422792,0.11023622047244094,0.18357761439870984,0.1364976924800418,0.012905196450149897,0.81819020183157,0.35079596281057923,0.8121206534512403,,0.014543807132196508,
Adenylate kinase,P69441,AF-P69441-F1,23586.0,214,5.447156,-3.945664,10827.61796,16.5604,48.440002,44.43,1.090254,0.286557,0.247051,0.308097,0.158296,36.516854,34.691011,22,19,4,100.0,50.0,737.5,AF-P69441-F1,UniProt/AlphaFold,7.4,150.0,PBS,0.039506,0.033287,8,4,178,https://alphafold.ebi.ac.uk/files/AF-P69441-F1-model_v6.pdb,60.829314,-0.000364,59,v4,33.1208,46.391694179669706,1.0902543776727436,1.9528440000000007,0.11670968064799789,0.1174152876280536,0.2522286389628541,0.589815422749062,0.1428501131487746,0.2556063676410957,0.20195950673177182,0.1808541151906117,0.012242807313400078,0.7092806687513237,0.7292183875677157,0.30770558596203,0.007983025000385058,0.14161415441122416,0.1416141402885729,0.27941176470588236,0.2077922077922078,0.02097902097902098,0.6000000000000001,0.42857142857142855,0.40157480314960625,0.0,0.0,0.42349996165686177,0.07612123092951469,0.6000000000000001,0.42857142857142855,0.0947533281127643,0.3928690065555657,0.10728455800666561,0.4015748031496063,0.2556063676410957,0.19117887905505468,0.012242857879799868,0.5410419932218193,0.5454667637657655,0.7403126797323044,,0.292719264522945,
DHFR,P0ABQ4,AF-P0ABQ4-F1,17999.0,159,4.60141,-9.78911,8676.551476,15.314037,44.871002,37.874001,1.184744,0.235429,0.269806,0.317373,0.177391,38.129496,36.223022,13,16,3,62.5,50.0,787.5,AF-P0ABQ4-F1,UniProt/AlphaFold,7.4,150.0,PBS,-0.034377,0.051676,5,4,139,https://alphafold.ebi.ac.uk/files/AF-P0ABQ4-F1-model_v6.pdb,62.421234,-0.001128,63,v4,30.628074,41.2243177580782,1.1847441731862445,2.798590000000001,0.07676744568442273,0.07407407407407408,0.12312183633408524,0.4873906958470899,0.11377061125695964,0.23218019934561918,0.1831751913098841,0.1463486646101745,0.025060221090553142,0.5500411117617012,0.8135342636302328,0.3353124823290268,0.08151696729770941,0.19674004127873146,0.19674006614200001,0.14705882352941174,0.16883116883116883,0.013986013986013988,0.3,0.42857142857142855,0.43307086614173224,0.0,0.0,0.22114952728388165,0.17802814091516161,0.3,0.42857142857142855,0.06421299921691465,0.40366214149202456,0.08303443897794002,0.4330708661417323,0.23218019934561918,0.16398200917363126,0.02506024322323125,0.7759661518726941,0.30520658282235524,0.7594663862466371,,0.08690179024242936,
RecA,P0A7G6,AF-P0A7G6-F1,37973.0,353,4.814557,-9.201285,19965.177136,23.563625,79.004997,61.092003,1.293213,0.23336,0.205793,0.362496,0.198351,40.37037,38.351852,29,28,14,75.0,50.0,350.0,AF-P0A7G6-F1,UniProt/AlphaFold,7.4,150.0,PBS,0.027567,0.076942,6,4,270,https://alphafold.ebi.ac.uk/files/AF-P0A7G6-F1-model_v6.pdb,73.945101,-0.000461,28,v4,47.12725,69.4735454237006,1.293213401433245,2.5854430000000006,0.2195643315198353,0.22695035460992907,0.1556596522503464,0.49769417346819766,0.26637752214403426,0.3872363401780599,0.36282879979661364,0.26854935753088605,0.039773863327763614,0.5435971545677659,0.5763419026374881,0.46960592613756413,0.16223293642847236,0.2733411508916139,0.2733411641331711,0.38235294117647056,0.3246753246753247,0.09090909090909091,0.39999999999999997,0.42857142857142855,0.15748031496062992,0.0,0.0,0.3908014811406536,0.3180455419536822,0.4000000000000001,0.42857142857142855,0.1667971808927173,0.4817933613528248,0.10420568163783528,0.15748031496062992,0.3872363401780599,0.31266298504804074,0.039773915623419365,0.7167599840114709,0.4293301198887997,0.5995056879474671,,0.2575960863560921,
T4 lysozyme,P00720,AF-P00720-F1,18692.0,164,9.594137,7.238006,260.721327,2.96115,10.06791,10.06791,1.0,0.180261,0.138566,0.385749,0.251419,57.024606,54.173375,4,3,6,75.0,62.5,175.0,AF-P00720-F1,UniProt/AlphaFold,7.4,150.0,PBS,0.041695,0.0891935769230769,6,5,57,https://alphafold.ebi.ac.uk/files/AF-P00720-F1-model_v4.pdb,4.574058,0.027761,14,v4,5.9223,10.06791,1.0,2.1941369999999996,0.0817217984371984,0.07801418439716314,0.885283311964269,0.785844331976901,0.0,0.0,0.0,0.0,0.0,0.37821886406956606,0.32724045679899805,0.5388106653809638,0.36659529567615023,0.8426426633170396,0.8426426272338252,0.01470588235294118,0.0,0.03496503496503497,0.39999999999999997,0.5714285714285714,0.047244094488188976,0.0,0.0,0.42949518519735763,0.38594049799709,0.4000000000000001,0.5714285714285714,0.0,0.011461292039110404,1.0000000000000002,0.047244094488188976,0.0,0.0,0.0,0.6080663185078334,0.586033413262602,1.0,,0.035692168298601834,
T7 RNA polymerase,P00573,AF-P00573-F1,98855.0,883,6.767159,-3.335614,891.029049,5.757734,19.576295,19.576295,1.0,0.180261,0.138566,0.385749,0.251419,57.024606,54.173375,19,15,30,75.0,62.5,175.0,AF-P00573-F1,UniProt/AlphaFold,7.4,150.0,PBS,0.041695,0.0891935769230769,6,5,309,https://alphafold.ebi.ac.uk/files/AF-P00573-F1-model_v4.pdb,2.883589,-0.003744,14,v4,11.515468,19.576295,1.0,0.632841,0.6548181616706106,0.644602048857368,0.4537328338279588,0.6005084632334864,0.008520905667332495,0.05256353681586895,0.05004441103747427,0.05004441103747427,0.0,0.37821886406956606,0.32724045679899805,0.5388106653809638,0.36659529567615023,0.8426426633170396,0.8426426272338252,0.23529411764705882,0.15584415584415584,0.20279720279720279,0.39999999999999997,0.5714285714285714,0.047244094488188976,0.0,0.0,0.42949518519735763,0.38594049799709,0.4000000000000001,0.5714285714285714,0.19733750978856696,0.0,0.0,0.047244094488188976,0.05256353681586895,0.05004441103747427,0.0,0.17438274305494797,0.6935825207930053,0.9474364631841311,,0.42306598626993125,
Hen egg white lysozyme (HEWL),P00698,AF-P00698-F1,16239.0,147,9.217428,8.243576,8851.441224,17.922822,64.296997,42.852997,1.500408,0.265817,0.063772,0.419651,0.25076,52.136752,49.529915,12,9,7,37.5,12.5,300.0,AF-P00698-F1,UniProt/AlphaFold,7.4,150.0,PBS,0.202045,0.067621,3,1,117,https://alphafold.ebi.ac.uk/files/AF-P00698-F1-model_v6.pdb,75.653344,0.000931,24,v4,35.845644,52.49113277068813,1.5004084078413467,1.8174279999999996,0.06418496250277028,0.06461780929866037,0.8277770458849959,0.8034701015366463,0.11613488348920042,0.2812139370742862,0.28541784120173436,0.17255405305184365,0.06787952580588014,0.6446853704418891,0.05010041574340998,0.6397085740305889,0.364057517829911,0.6755582846211532,0.6755582971191225,0.13235294117647056,0.07792207792207793,0.04195804195804196,0.09999999999999998,0.0,0.12598425196850394,0.0,0.0,0.868661057613304,0.2663910578612239,0.10000000000000003,0.0,0.04698512137823022,0.49337516018898575,0.14838914458022537,0.12598425196850394,0.2812139370742862,0.22328136669588527,0.0678795774457896,0.503427283997221,0.885712081464082,0.6961595371104506,,0.34308595019896954,
Alcohol oxidase,P18173,AF-P18173-F1,68434.0,625,6.789895,-2.429804,692.361583,5.023075,17.078457,17.078457,1.0,0.180261,0.138566,0.385749,0.251419,57.024606,54.173375,14,11,21,75.0,62.5,175.0,AF-P18173-F1,UniProt/AlphaFold,7.4,150.0,PBS,0.041695,0.0891935769230769,6,5,219,https://alphafold.ebi.ac.uk/files/AF-P18173-F1-model_v4.pdb,3.161468,-0.003509,14,v4,10.04615,17.078457,1.0,0.6101050000000008,0.4373342293586508,0.44129235618597323,0.45720358304175057,0.6163856257631094,0.005835190931706926,0.03875516367434721,0.03689782183467878,0.03689782183467878,0.0,0.37821886406956606,0.32724045679899805,0.5388106653809638,0.36659529567615023,0.8426426633170396,0.8426426272338252,0.16176470588235292,0.10389610389610392,0.13986013986013984,0.39999999999999997,0.5714285714285714,0.047244094488188976,0.0,0.0,0.42949518519735763,0.38594049799709,0.4000000000000001,0.5714285714285714,0.12685982772122162,0.001884005190592647,0.007459133470877649,0.047244094488188976,0.03875516367434721,0.03689782183467878,0.0,0.16806732959619547,0.7011108778083328,0.9612448363256528,,0.41709664202709035,
D-amino acid oxidase,P14920,AF-P14920-F1,39474.0,347,6.356725,-4.389697,16701.600715,21.554771,86.512413,60.129291,1.438773,0.135447,0.10951,0.423631,0.242075,48.70317,46.268012,16,13,37,62.5,50.0,187.5,AF-P14920-F1,UniProt/AlphaFold,7.4,150.0,PBS,0.025937,0.14121,5,4,347,https://alphafold.ebi.ac.uk/files/AF-P14920-F1-model_v6.pdb,48.131414,-0.000263,15,v4,43.109542,72.1244068009518,1.4387732095494024,1.0432750000000004,0.23029518791509684,0.2222222222222222,0.39107829992518406,0.5820323511230961,0.2222583945324713,0.34947867897900226,0.40234173623464287,0.26348242397290444,0.05951883898023902,0.23864443309372238,0.21957699404916295,0.6515537063657167,0.33061199340716896,0.558186138241294,0.558186148408002,0.19117647058823528,0.12987012987012986,0.2517482517482518,0.3,0.42857142857142855,0.05511811023622047,0.0,0.0,0.386337244333432,0.674201574960238,0.3,0.42857142857142855,0.22709475332811277,0.30677790391871174,0.11049039834946835,0.05511811023622047,0.34947867897900226,0.3266149649443664,0.059518864175817726,0.28838962234460847,0.6188086133150031,0.6306816996290584,,0.5687817557625406,
Lipase B,P02655,AF-P02655-F1,11284.0,101,4.721922,-4.729879,10742.202311,20.319462,58.474632,58.474632,1.0,0.079208,0.118812,0.425743,0.326733,52.475248,49.851485,3,4,11,37.5,50.0,187.5,AF-P02655-F1,UniProt/AlphaFold,7.4,150.0,PBS,-0.039604,0.09901,3,4,101,https://alphafold.ebi.ac.uk/files/AF-P02655-F1-model_v6.pdb,106.358439,-0.00044,15,v4,40.638924,58.474632,1.0,2.678078,0.028760982863515798,0.028368794326241134,0.14151851689585937,0.5760695941391236,0.1416954094029065,0.32626027749330605,0.25477364376229494,0.25477364376229494,0.0,0.0634865265544606,0.25404442007129147,0.6578393645294832,0.6566259492598469,0.6871292918261644,0.6871292610199602,0.0,0.012987012987012991,0.06993006993006994,0.09999999999999998,0.42857142857142855,0.05511811023622047,0.0,0.0,0.20683384274931257,0.4403404840148739,0.10000000000000003,0.42857142857142855,0.03445575567736884,0.701554109867228,0.1048722425011903,0.05511811023622047,0.32626027749330605,0.25477364376229494,0.0,0.7424913495001918,0.33829140389745327,0.6737397225066939,,0.18851971212053847,
Acetylcholinesterase,P22303,AF-P22303-F1,67796.0,614,5.874048,-10.389441,28910.245237,30.883411,167.440048,20.0,8.372002,0.110749,0.102606,0.477199,0.214984,42.833876,40.692182,24,22,73,50.0,50.0,212.5,AF-P22303-F1,UniProt/AlphaFold,7.4,150.0,PBS,0.008143,0.13355,4,4,614,https://alphafold.ebi.ac.uk/files/AF-P22303-F1-model_v6.pdb,47.08509,-0.000359,17,v4,61.766822,57.86882545896365,8.3720024,1.5259520000000002,0.4327730792053018,0.4326241134751773,0.3173955580943669,0.4768680113342548,0.38730271283444123,0.5248162737310239,0.8282790358108263,0.05227444980626972,1.0,0.16172183532870718,0.19399506443652317,0.8109808543376099,0.22628583311511263,0.3575526206743831,0.3575526078189879,0.30882352941176466,0.24675324675324678,0.5034965034965035,0.2,0.42857142857142855,0.07086614173228345,0.0,0.0,0.3376031156538601,0.6317519077412453,0.2,0.42857142857142855,0.43617854346123724,0.2996838815311198,0.1074432629741311,0.07086614173228345,0.5248162737310239,0.2515851704780502,1.0,0.42246355012567777,0.505260720227555,0.1418503929356428,,0.601654885113282,
Bovine serum albumin,P02769,AF-P02769-F1,69293.0,607,5.822723,-14.069702,30374.357409,27.193317,93.316223,93.316223,1.0,0.169687,0.163097,0.382208,0.257002,58.978583,56.029654,36,35,58,75.0,75.0,162.5,AF-P02769-F1,UniProt/AlphaFold,7.4,150.0,PBS,0.00659,0.116969,6,6,607,https://alphafold.ebi.ac.uk/files/AF-P02769-F1-model_v6.pdb,50.040128,-0.000463,13,v4,54.386634,93.316223,1.0,1.5772770000000005,0.4434753390478778,0.42710795902285265,0.3095605737788377,0.41235988926844325,0.4070955239782103,0.45545866036306604,0.43815146251948284,0.43815146251948284,0.0,0.34528585132491996,0.41813708416395556,0.5282720689993837,0.3880951647437576,0.9094366045908693,0.9094365983719399,0.4852941176470588,0.4155844155844156,0.3986013986013986,0.39999999999999997,0.7142857142857142,0.03937007874015748,0.0,0.0,0.33334976610685685,0.5398644492349638,0.4000000000000001,0.7142857142857142,0.4306969459671104,0.31971888572502616,0.10414219965084909,0.03937007874015748,0.45545866036306604,0.43815146251948284,0.0,0.4367201737960897,0.4766078374893051,0.544541339636934,,0.5350427337584155,
Lysozyme,P00698,AF-P00698-F1,16239.0,147,9.364565,8.0835,8851.441224,17.922823,74.920273,40.286583,1.859683,0.129252,0.061224,0.401361,0.319728,51.020408,48.469388,7,3,15,62.5,25.0,175.0,AF-P00698-F1,UniProt/AlphaFold,7.4,150.0,PBS,0.068027,0.095238,5,2,147,https://alphafold.ebi.ac.uk/files/AF-P00698-F1-model_v6.pdb,60.213886,0.000913,14,v4,35.845646,54.938891475867614,1.8596829867650972,1.9645650000000003,0.06418496250277028,0.06461780929866037,0.8502381484126925,0.8006642673450477,0.11613488348920042,0.2812139558699086,0.3413301323751076,0.15904653551775888,0.1166145912602845,0.2193499358407355,0.04065911263608002,0.5852745362392596,0.6296500254162879,0.6373976432331574,0.6373976489465194,0.058823529411764705,0.0,0.0979020979020979,0.3,0.14285714285714285,0.047244094488188976,0.0,0.0,0.5016131506008917,0.4194370708621272,0.3,0.14285714285714285,0.07047768206734534,0.38869643667286125,0.14781780669734965,0.047244094488188976,0.2812139558699086,0.23616437919091549,0.11661458313756073,0.5442977533005507,0.6570154496565411,0.6799145164175712,,0.31052608083232486,
Urease,P07374,AF-P07374-F1,90748.0,840,6.055024,-13.267465,32325.26577,30.518316,101.163475,101.163475,1.0,0.133333,0.119048,0.422619,0.230952,48.333333,45.916667,39,35,89,62.5,50.0,187.5,AF-P07374-F1,UniProt/AlphaFold,7.4,150.0,PBS,0.014286,0.088095,5,4,840,https://alphafold.ebi.ac.uk/files/AF-P07374-F1-model_v6.pdb,38.482459,-0.00041,15,v4,61.036632,101.163475,1.0,1.344976,0.596860098515124,0.6107171000788023,0.34502233104102475,0.4264216099783903,0.43346915947317777,0.5179540859784695,0.4794530194718615,0.4794530194718615,0.0,0.23206032216671443,0.254918889275895,0.6485418284955787,0.2877778462391595,0.5455437832602021,0.5455437989607901,0.5294117647058824,0.4155844155844156,0.6153846153846154,0.3,0.42857142857142855,0.05511811023622047,0.0,0.0,0.3544275369463525,0.379852479093816,0.3,0.42857142857142855,0.6131558339859045,0.24135849005946053,0.10582447230598319,0.05511811023622047,0.5179540859784695,0.4794530194718615,0.0,0.3721935700891174,0.5181510151853405,0.48204591402153046,,0.6362361541892162,
Laccase,Q12737,AF-Q12737-F1,63948.0,572,5.175838,-23.129949,23460.530736,24.624964,106.027199,42.095366,2.518738,0.104895,0.113636,0.449301,0.262238,48.076923,45.673077,21,23,64,50.0,50.0,200.0,AF-Q12737-F1,UniProt/AlphaFold,7.4,150.0,PBS,-0.008741,0.152098,4,4,572,https://alphafold.ebi.ac.uk/files/AF-Q12737-F1-model_v6.pdb,41.014914,-0.000986,16,v4,49.249928,66.80758750216799,2.518738024513197,2.2241620000000006,0.40526319552177986,0.39952718676122934,0.21081076707740343,0.25355063106028797,0.31362996291227707,0.407184867238437,0.5050517097887584,0.1685664992055561,0.2060143228393047,0.1434893919196701,0.2348653836177829,0.7279518337633889,0.4082587532155456,0.5367787699145881,0.5367787677184319,0.2647058823529412,0.25974025974025977,0.4405594405594406,0.2,0.42857142857142855,0.06299212598425197,0.0,0.0,0.291361290958688,0.7345399531169471,0.2,0.42857142857142855,0.4032889584964761,0.2585284034568108,0.0875416600539597,0.06299212598425197,0.407184867238437,0.29863154921179846,0.20601431498627798,0.6164064086335836,0.3321714348349183,0.5241436944328036,,0.3534360071610738,
Lipase,P02655,AF-P02655-F1,11284.0,101,4.721922,-4.729879,10742.202311,20.319462,58.474632,58.474632,1.0,0.079208,0.118812,0.425743,0.326733,52.475248,49.851485,3,4,11,37.5,50.0,187.5,AF-P02655-F1,UniProt/AlphaFold,7.4,150.0,PBS,-0.039604,0.09901,3,4,101,https://alphafold.ebi.ac.uk/files/AF-P02655-F1-model_v6.pdb,106.358439,-0.00044,15,v4,40.638924,58.474632,1.0,2.678078,0.028760982863515798,0.028368794326241134,0.14151851689585937,0.5760695941391236,0.1416954094029065,0.32626027749330605,0.25477364376229494,0.25477364376229494,0.0,0.0634865265544606,0.25404442007129147,0.6578393645294832,0.6566259492598469,0.6871292918261644,0.6871292610199602,0.0,0.012987012987012991,0.06993006993006994,0.09999999999999998,0.42857142857142855,0.05511811023622047,0.0,0.0,0.20683384274931257,0.4403404840148739,0.10000000000000003,0.42857142857142855,0.03445575567736884,0.701554109867228,0.1048722425011903,0.05511811023622047,0.32626027749330605,0.25477364376229494,0.0,0.7424913495001918,0.33829140389745327,0.6737397225066939,,0.18851971212053847,
Pepsin,P19400,AF-P19400-F1,18657.0,169,5.250354,-5.730278,12713.482666,24.671947,104.205254,51.290642,2.031662,0.094675,0.100592,0.473373,0.272189,46.745562,44.408284,6,6,20,37.5,50.0,212.5,AF-P19400-F1,UniProt/AlphaFold,7.4,150.0,PBS,-0.005917,0.12426,3,4,169,https://alphafold.ebi.ac.uk/files/AF-P19400-F1-model_v6.pdb,75.227708,-0.000451,17,v4,49.343894,73.10782705998768,2.0316621109948283,2.1496460000000006,0.0814715786011996,0.08195429472025216,0.2221859583342174,0.5585344625801075,0.16834444663113948,0.4080679419646816,0.4954624720299097,0.2169629589352602,0.13994326100291343,0.11165892187519463,0.18653243317350807,0.7995940512435898,0.4465795837890293,0.4912680763658581,0.4912680728618455,0.044117647058823525,0.03896103896103896,0.13286713286713286,0.09999999999999998,0.42857142857142855,0.07086614173228345,0.0,0.0,0.29909564969708924,0.5802692173411877,0.10000000000000003,0.42857142857142855,0.08770555990602977,0.4904893702109626,0.10452309157276624,0.07086614173228345,0.4080679419646816,0.33179088994801015,0.13994326846595007,0.5957079854592162,0.44249986223101695,0.5452843018800019,,0.37062913186734364,
Glucose dehydrogenase,P04841,AF-P04841-F1,74089.0,664,5.725414,-15.431332,27608.531147,25.260708,89.795135,89.795135,1.0,0.135542,0.129518,0.400602,0.259036,52.409639,49.789157,32,30,66,62.5,62.5,175.0,AF-P04841-F1,UniProt/AlphaFold,7.4,150.0,PBS,0.006024,0.131024,5,5,664,https://alphafold.ebi.ac.uk/files/AF-P04841-F1-model_v6.pdb,41.579113,-0.000559,14,v4,50.521416,89.795135,1.0,1.6745860000000006,0.47776260571788076,0.47202521670606784,0.294705932010502,0.3884930509522284,0.36970530353802217,0.41913407139231473,0.4196193169268172,0.4196193169268172,0.0,0.23894031319687545,0.29371419678521404,0.5830156278366562,0.3959280025878401,0.6848865409171032,0.6848865299256064,0.4264705882352941,0.35064935064935066,0.4545454545454546,0.3,0.5714285714285714,0.047244094488188976,0.0,0.0,0.33179960780447193,0.6177534926766011,0.3,0.5714285714285714,0.4753328112764291,0.26235364337968076,0.10109506427551183,0.047244094488188976,0.41913407139231473,0.4196193169268172,0.0,0.46374984340630127,0.4576413633274838,0.5808659286076853,,0.48457090490427135,
Alcohol dehydrogenase,P07846,AF-P07846-F1,37831.0,354,7.255634,-0.314879,15240.672346,20.545946,73.58712,73.58712,1.0,0.129944,0.101695,0.454802,0.217514,44.915254,42.669492,16,13,40,62.5,50.0,200.0,AF-P07846-F1,UniProt/AlphaFold,7.4,150.0,PBS,0.028249,0.084746,5,4,354,https://alphafold.ebi.ac.uk/files/AF-P07846-F1-model_v6.pdb,43.052747,-2.1e-05,16,v4,41.091892,73.58712,1.0,0.14436600000000066,0.21854915389949742,0.22773837667454688,0.5283006655576835,0.6534563226674965,0.20250862408783926,0.33051718523224943,0.3343134984559046,0.3343134984559046,0.0,0.22150518880265105,0.190619465091634,0.7443237113954336,0.23602874351114467,0.4287015850176894,0.4287016037787037,0.19117647058823528,0.12987012987012986,0.27272727272727276,0.3,0.42857142857142855,0.06299212598425197,0.0,0.0,0.3926693397311598,0.36129321858253577,0.3,0.42857142857142855,0.23257635082223962,0.2723448053783701,0.11817171877479767,0.06299212598425197,0.33051718523224943,0.3343134984559046,0.0,0.038698295955007955,0.7415606634531146,0.6694828147677505,,0.752595076059125,
Formate dehydrogenase,F1SVF6,AF-F1SVF6-F1,42431.0,375,5.232109,-13.047983,17695.409168,21.299089,66.869225,66.869225,1.0,0.154667,0.170667,0.370667,0.226667,55.2,52.44,20,22,35,62.5,75.0,162.5,AF-F1SVF6-F1,UniProt/AlphaFold,7.4,150.0,PBS,-0.016,0.098667,5,6,375,https://alphafold.ebi.ac.uk/files/AF-F1SVF6-F1-model_v6.pdb,47.187758,-0.000737,13,v4,42.598178,66.869225,1.0,2.167891,0.2514351894879072,0.2442868400315209,0.21940077978893102,0.43026872072603795,0.2356933371546888,0.3446729766578293,0.29895595890669685,0.29895595890669685,0.0,0.29850564975270644,0.4461867955150105,0.49392416139141615,0.27127651380951645,0.7802710867775633,0.7802710765555436,0.25,0.24675324675324678,0.23776223776223776,0.3,0.7142857142857142,0.03937007874015748,0.0,0.0,0.27148037379082174,0.4384396699344413,0.3,0.7142857142857142,0.2490211433046202,0.30037996523988425,0.09544516743374068,0.03937007874015748,0.3446729766578293,0.29895595890669685,0.0,0.6007759269860872,0.38342541775838,0.6553270233421706,,0.31608744526307136,
Phosphotriesterase,A0A0M3HJ56,AF-A0A0M3HJ56-F1,7261.0,65,4.907615,-3.417455,8512.446434,22.958044,68.997475,68.997475,1.0,0.123077,0.153846,0.384615,0.261538,53.846154,51.153846,3,3,6,50.0,62.5,162.5,AF-A0A0M3HJ56-F1,UniProt/AlphaFold,7.4,150.0,PBS,-0.030769,0.092308,4,5,65,https://alphafold.ebi.ac.uk/files/AF-A0A0M3HJ56-F1-model_v6.pdb,130.960714,-0.000401,13,v4,45.916088,68.997475,1.0,2.4923850000000005,0.0,0.0,0.16986536039324973,0.599073942905176,0.11155213362514721,0.3758540683820078,0.3101573372470254,0.3101573372470254,0.0,0.20011772913578094,0.3838586324190931,0.5354356955146232,0.40556308630755245,0.7339917752924183,0.7339917547751591,0.0,0.0,0.03496503496503497,0.2,0.5714285714285714,0.03937007874015748,0.0,0.0,0.23103110176268885,0.40319979606426193,0.2,0.5714285714285714,0.006264682850430699,0.8683562568462645,0.10611014124742106,0.03937007874015748,0.3758540683820078,0.3101573372470254,0.0,0.6909111211664405,0.3795206995893591,0.6241459316179924,,0.2691210465384267,
Lactate dehydrogenase,Q83022,AF-Q83022-F1,22416.0,199,9.359407,10.242964,18289.312318,31.525656,104.322632,104.322632,1.0,0.135678,0.050251,0.467337,0.281407,46.733668,44.396985,9,3,23,62.5,25.0,200.0,AF-Q83022-F1,UniProt/AlphaFold,7.4,150.0,PBS,0.085427,0.160804,5,2,199,https://alphafold.ebi.ac.uk/files/AF-0000000365761045-model_v1.pdb,91.906092,0.00056,16,v4,63.051312,104.322632,1.0,1.9594069999999988,0.10834518898746756,0.10559495665878645,0.8494507572953128,0.8385156499803352,0.2437221023753085,0.5368876682259891,0.496080254427105,0.496080254427105,0.0,0.23936388892349467,0.0,0.7816299259232803,0.4820776660145719,0.4908614967912208,0.4908615040864137,0.08823529411764706,0.0,0.15384615384615383,0.3,0.14285714285714285,0.06299212598425197,0.0,0.0,0.5492681938190861,0.7827862720214575,0.3,0.14285714285714285,0.11119812059514489,0.6035679476734457,0.13661323599428662,0.06299212598425197,0.5368876682259891,0.496080254427105,0.0,0.5428650077595473,0.6972478609852795,0.46311233177401095,,0.5153526139010298,
Xanthine oxidase,P80456,AF-P80456-F1,147138.0,1334,6.269534,-12.695568,52179.803025,31.992523,105.894073,105.894073,1.0,0.125937,0.111694,0.431034,0.249625,48.725637,46.289355,59,52,144,50.0,50.0,187.5,AF-P80456-F1,UniProt/AlphaFold,7.4,150.0,PBS,0.014243,0.103448,4,4,1334,https://alphafold.ebi.ac.uk/files/AF-P80456-F1-model_v6.pdb,39.115295,-0.000243,15,v4,63.985046,105.894073,1.0,1.1304660000000002,1.0000000000000002,1.0,0.3777682148310719,0.43644589942010964,0.7018755792479202,0.5456627240593251,0.5043510427181913,0.5043510427181913,0.0,0.20902527750439145,0.22766953956973154,0.6735862477418354,0.3596866864862367,0.5589541408731566,0.5589541276428049,0.823529411764706,0.6363636363636364,1.0,0.2,0.42857142857142855,0.05511811023622047,0.0,0.0,0.35430976873610065,0.4649346906882277,0.2,0.42857142857142855,0.9999999999999999,0.24564908527822082,0.11112521821933027,0.05511811023622047,0.5456627240593251,0.5043510427181913,0.0,0.3126087996353416,0.5442496665016837,0.4543372759406748,,0.7057793557724911,
Malate dehydrogenase,Q60176,AF-Q60176-F1,34609.0,313,5.781003,-4.709673,14766.697402,19.551718,64.958153,64.958153,1.0,0.15655,0.15655,0.4377,0.169329,48.242812,45.830671,17,17,34,62.5,62.5,187.5,AF-Q60176-F1,UniProt/AlphaFold,7.4,150.0,PBS,0.0,0.070288,5,5,313,https://alphafold.ebi.ac.uk/files/AF-Q60176-F1-model_v6.pdb,47.177947,-0.000319,15,v4,39.103436,64.958153,1.0,1.6189970000000002,0.19551463071126776,0.1954294720252167,0.30319183445796327,0.5764237676921574,0.19610112558268342,0.3118300511853666,0.2888976290546549,0.2888976290546549,0.0,0.304370304849942,0.3938779744921779,0.693425356321223,0.05047058642308111,0.5424494508509421,0.542449428803075,0.20588235294117646,0.18181818181818182,0.23076923076923075,0.3,0.5714285714285714,0.05511811023622047,0.0,0.0,0.31530110318686255,0.2811708571396904,0.3,0.5714285714285714,0.2004698512137823,0.30031344716933955,0.10871290271385496,0.05511811023622047,0.3118300511853666,0.2888976290546549,0.0,0.44830880194084527,0.5143753231772614,0.6881699488146333,,0.4113873077014514,
Invertase,A0A0H4SN03,AF-A0A0H4SN03-F1,58881.0,514,8.607706,4.508525,35566.375358,29.778202,131.953339,25.422147,5.190488,0.153696,0.118677,0.422179,0.233463,50.583658,48.054475,28,21,54,62.5,50.0,187.5,AF-A0A0H4SN03-F1,UniProt/AlphaFold,7.4,150.0,PBS,0.035019,0.116732,5,4,514,https://alphafold.ebi.ac.uk/files/AF-A0A0H4SN03-F1-model_v6.pdb,69.195283,0.000127,15,v4,59.556404,57.91836652737051,5.190487609091396,1.207706,0.3690385124073293,0.3538219070133964,0.7347003326490856,0.7380016127990182,0.4772845659689193,0.5040431827168689,0.6415058401984024,0.0808122249566878,0.5684328354767132,0.29548144364574114,0.25354419404323436,0.6472323163781274,0.29744758853340314,0.6224679619465583,0.6224679498297223,0.3676470588235294,0.2337662337662338,0.3706293706293706,0.3,0.42857142857142855,0.05511811023622047,0.0,0.0,0.4112109858568596,0.538551058747901,0.3,0.42857142857142855,0.35787000783085354,0.44958984195635954,0.12286938581177592,0.05511811023622047,0.5040431827168689,0.2518459143993984,0.5684327516078123,0.3340638724517587,0.6656474149249133,0.3064792334138604,,0.6555303085549384,
Cholesterol oxidase,P9WMV9,AF-P9WMV9-F1,63024.0,578,9.385968,11.601274,22942.192555,23.361528,77.461258,77.461258,1.0,0.133218,0.088235,0.430796,0.230104,45.155709,42.897924,27,18,62,62.5,37.5,187.5,AF-P9WMV9-F1,UniProt/AlphaFold,7.4,150.0,PBS,0.044983,0.105536,5,3,578,https://alphafold.ebi.ac.uk/files/AF-P9WMV9-F1-model_v6.pdb,39.692375,0.000506,15,v4,46.723056,77.461258,1.0,1.9859679999999997,0.3986573918514123,0.4042553191489362,0.8535054093830824,0.8623242948789478,0.3066227336020233,0.3834378012820795,0.3547038123197099,0.3547038123197099,0.0,0.231702151515529,0.14074507740534611,0.6728779207328505,0.2845122383277623,0.4369211992449802,0.4369212089215848,0.3529411764705882,0.19480519480519481,0.42657342657342656,0.3,0.2857142857142857,0.05511811023622047,0.0,0.0,0.438500345088244,0.4765058271312116,0.3,0.2857142857142857,0.40798747063429913,0.24956165771221978,0.13489922234565943,0.05511811023622047,0.3834378012820795,0.3547038123197099,0.0,0.5502428973125881,0.638053960532744,0.6165621987179205,,0.387227509405699,
Cellulase,A0A2K3MM93,AF-A0A2K3MM93-F1,26147.0,234,5.961978,-5.508409,17541.490317,21.705772,65.027527,65.027527,1.0,0.128205,0.111111,0.376068,0.311966,55.128205,52.371795,10,9,22,50.0,50.0,162.5,AF-A0A2K3MM93-F1,UniProt/AlphaFold,7.4,150.0,PBS,0.017094,0.145299,4,4,234,https://alphafold.ebi.ac.uk/files/AF-A0A2K3MM93-F1-model_v6.pdb,74.963634,-0.000314,13,v4,43.411544,65.027527,1.0,1.4380220000000001,0.13501862350493649,0.1331757289204098,0.33081845475027505,0.5624234129927602,0.2336125630121261,0.35231683675389225,0.289262757409398,0.289262757409398,0.0,0.21608902565124768,0.22550930420412188,0.5099984226331312,0.599758930359371,0.777816876204074,0.7778168750042278,0.10294117647058824,0.07792207792207793,0.14685314685314685,0.2,0.42857142857142855,0.03937007874015748,0.0,0.0,0.36211807495535764,0.6968617171610815,0.2,0.42857142857142855,0.13860610806577917,0.4886989622035184,0.10887160768132044,0.03937007874015748,0.35231683675389225,0.289262757409398,0.0,0.39803909967581286,0.5562908815448769,0.6476831632461076,,0.4836894074172074,
Amylase,Q62599,AF-Q62599-F1,79412.0,703,9.247039,19.455828,65022.115983,41.442482,129.327515,129.327515,1.0,0.163585,0.112376,0.396871,0.27596,55.192034,52.432432,40,28,70,75.0,50.0,175.0,AF-Q62599-F1,UniProt/AlphaFold,7.4,150.0,PBS,0.051209,0.100996,6,4,703,https://alphafold.ebi.ac.uk/files/AF-Q62599-F1-model_v6.pdb,92.492341,0.000299,14,v4,82.884964,129.327515,1.0,1.8470389999999988,0.515817468204208,0.5027580772261624,0.8322972937284859,1.0,0.8754862355131782,0.7232805849227757,0.6276856367076872,0.6276856367076872,0.0,0.326281005120283,0.23019660735591638,0.5719115603134494,0.46110152651766023,0.7799987803296431,0.7799987593157467,0.5441176470588236,0.3246753246753247,0.48251748251748255,0.39999999999999997,0.42857142857142855,0.047244094488188976,0.0,0.0,0.45555208641447836,0.4513463637925397,0.4000000000000001,0.42857142857142855,0.5058731401722788,0.6075426854513264,0.1283288366925885,0.047244094488188976,0.7232805849227757,0.6276856367076872,0.0,0.5116523767104125,0.7069571030927374,0.2767194150772243,,0.6887103361685695,
Esterase,Q9RLB8,AF-Q9RLB8-F1,84835.0,768,5.344252,-19.522453,38545.459163,31.693777,115.660667,115.660667,1.0,0.115885,0.121094,0.36849,0.294271,53.125,50.46875,31,33,71,50.0,50.0,162.5,AF-Q9RLB8-F1,UniProt/AlphaFold,7.4,150.0,PBS,-0.005208,0.13151,4,4,768,https://alphafold.ebi.ac.uk/files/AF-Q9RLB8-F1-model_v6.pdb,50.1894,-0.000506,13,v4,63.387554,115.660667,1.0,2.0557480000000004,0.5545872445076746,0.55397951142632,0.23651989612787672,0.3167833181767526,0.517557739200776,0.540047607056012,0.5557544560814627,0.5557544560814627,0.0,0.17771804806338684,0.2625000926344496,0.4874450525739352,0.5316163218780326,0.7093401453472412,0.7093401358909084,0.4117647058823529,0.38961038961038963,0.48951048951048953,0.2,0.42857142857142855,0.03937007874015748,0.0,0.0,0.30103745576845126,0.6204467744348817,0.2,0.42857142857142855,0.5567736883320281,0.32073094213378733,0.10277733693064595,0.03937007874015748,0.540047607056012,0.5557544560814627,0.0,0.5696257945307343,0.3760746045023495,0.4599523929439881,,0.49655075298781476,
Tyrosinase,P14679,AF-P14679-F1,60393.0,529,5.71416,-13.566266,28327.092098,33.012981,157.570801,20.0,7.87854,0.115312,0.10775,0.410208,0.302457,52.551985,49.924386,21,20,54,50.0,50.0,175.0,AF-P14679-F1,UniProt/AlphaFold,7.4,150.0,PBS,0.007561,0.160681,4,4,529,https://alphafold.ebi.ac.uk/files/AF-P14679-F1-model_v6.pdb,53.548378,-0.000479,14,v4,66.025962,56.13747429302462,7.87854005,1.6858400000000007,0.3798480093224762,0.36564223798266354,0.2929879599990657,0.4211841848660446,0.37941927318489843,0.5648428672812159,0.7763353404831382,0.05227444980626972,0.9330626877203776,0.1759334238622631,0.21305552879449233,0.6116046582917413,0.5631402208906481,0.6897524376828095,0.6897524374336028,0.2647058823529412,0.2207792207792208,0.3706293706293706,0.2,0.42857142857142855,0.047244094488188976,0.0,0.0,0.3360091366220791,0.7821046389838678,0.2,0.42857142857142855,0.3696162881754111,0.3435046385523238,0.10363434375495954,0.047244094488188976,0.5648428672812159,0.24247274503477423,0.9330626438754279,0.46687588418149495,0.4693619163222852,0.12413625142697475,,0.5981609393366817,
β-Glucosidase,B1B611,AF-B1B611-F1,60622.0,532,5.641861,-17.210188,24007.316017,25.507254,123.861557,20.0,6.193078,0.12406,0.116541,0.411654,0.272556,51.315789,48.75,23,22,55,50.0,50.0,175.0,AF-B1B611-F1,UniProt/AlphaFold,7.4,150.0,PBS,0.007519,0.193609,4,4,532,https://alphafold.ebi.ac.uk/files/AF-B1B611-F1-model_v6.pdb,45.126534,-0.000717,14,v4,51.014508,49.77179060471905,6.19307785,1.7581390000000008,0.3814851619637253,0.368006304176517,0.2819512034276396,0.35731301780091074,0.3210217584386008,0.4237680569074307,0.5989172760591048,0.05227444980626972,0.7044325272836334,0.20317930957156558,0.24562950666597502,0.6159081912959109,0.44799288343936283,0.6474948251177983,0.6474948325212992,0.29411764705882354,0.24675324675324678,0.37762237762237766,0.2,0.42857142857142855,0.047244094488188976,0.0,0.0,0.33589410720741447,0.9645827907054069,0.2,0.42857142857142855,0.3719655442443226,0.2864049735529481,0.09607998730360262,0.047244094488188976,0.4237680569074307,0.20896895958307987,0.7044324687143346,0.48695848787846735,0.44106040755972253,0.3414211201877911,,0.46977320970740816,
Subtilisin,P01051,AF-P01051-F1,8091.0,70,5.796122,-2.69493,4879.524028,12.533636,43.913994,43.913994,1.0,0.128571,0.114286,0.4,0.285714,52.857143,50.214286,3,3,7,50.0,50.0,175.0,AF-P01051-F1,UniProt/AlphaFold,7.4,150.0,PBS,0.014286,0.2,4,4,70,https://alphafold.ebi.ac.uk/files/AF-P01051-F1-model_v6.pdb,69.707486,-0.000552,14,v4,25.067272,43.913994,1.0,1.603878,0.005933784682256554,0.003940110323089045,0.3054998155172227,0.611738460692257,0.06243994915112517,0.17992083208671367,0.17813827897217893,0.17813827897217893,0.0,0.21722894268023765,0.23727387930842828,0.5812239771668705,0.49866371940418064,0.7001838324900356,0.7001838285299518,0.0,0.0,0.04195804195804196,0.2,0.42857142857142855,0.047244094488188976,0.0,0.0,0.3544275369463525,0.9999999999999999,0.2,0.42857142857142855,0.010180109631949888,0.4530625516992229,0.10131725122996352,0.047244094488188976,0.17992083208671367,0.17813827897217893,0.0,0.44410917421024687,0.5499319944338814,0.8200791679132863,,0.30964613381771167,
Transaminase,P04693,AF-P04693-F1,43538.0,397,5.317765,-9.650981,17547.112939,21.457687,65.689247,65.689247,1.0,0.105793,0.11335,0.483627,0.221662,44.080605,41.876574,15,16,48,50.0,50.0,212.5,AF-P04693-F1,UniProt/AlphaFold,7.4,150.0,PBS,-0.007557,0.108312,4,4,397,https://alphafold.ebi.ac.uk/files/AF-P04693-F1-model_v6.pdb,44.199277,-0.00055,17,v4,42.915374,65.689247,1.0,2.0822350000000007,0.2593492854436398,0.2616233254531127,0.23247654046172128,0.4898118399976891,0.23368857323696204,0.3476539247759346,0.29274551369994756,0.29274551369994756,0.0,0.14628623752631773,0.2338056455138989,0.8301116359080124,0.2520024954173662,0.40017028895317064,0.4001702558472282,0.1764705882352941,0.16883116883116883,0.3286713286713287,0.2,0.42857142857142855,0.07086614173228345,0.0,0.0,0.294604024933995,0.49188967519908666,0.2,0.42857142857142855,0.2662490211433046,0.2801182192425707,0.10138073321694971,0.07086614173228345,0.3476539247759346,0.29274551369994756,0.0,0.5769831289907089,0.4250595610834881,0.6523460752240654,,0.33741702849696165,
Lignin peroxidase,S5RXM9,AF-S5RXM9-F1,37678.0,360,4.467624,-24.619599,16972.413765,22.872662,101.346397,20.0,5.06732,0.083333,0.127778,0.477778,0.225,43.611111,41.430556,10,16,43,37.5,50.0,212.5,AF-S5RXM9-F1,UniProt/AlphaFold,7.4,150.0,PBS,-0.044444,0.088889,3,4,360,https://alphafold.ebi.ac.uk/files/AF-S5RXM9-F1-model_v6.pdb,47.145594,-0.001451,17,v4,45.745324,45.0214164592808,5.06731985,2.9323760000000005,0.21745533575927423,0.23246650906225375,0.10269882198167624,0.22743984053881777,0.22591941973014862,0.3742492605520221,0.48041577221649645,0.05227444980626972,0.5517252979584106,0.07633395208611046,0.28726683909025563,0.8127040532376196,0.26485697561576726,0.38412130031900804,0.38412131416385,0.10294117647058824,0.16883116883116883,0.2937062937062937,0.09999999999999998,0.42857142857142855,0.07086614173228345,0.0,0.0,0.19357807210701022,0.384252614312077,0.10000000000000003,0.42857142857142855,0.23727486296006264,0.30009409550933197,0.0727820980796699,0.07086614173228345,0.3742492605520221,0.1839668507795236,0.5517252476749057,0.813128093506785,0.19153052354924405,0.4418423235563426,,0.17047713787069466,
Superoxide dismutase,P16462,AF-P16462-F1,113854.0,1055,8.94436,11.581673,59836.231706,55.202019,200.066849,200.066849,1.0,0.143128,0.117536,0.348815,0.277725,53.838863,51.146919,53,43,92,62.5,50.0,150.0,AF-P16462-F1,UniProt/AlphaFold,7.4,150.0,PBS,0.025592,0.086256,5,4,1055,https://alphafold.ebi.ac.uk/files/AF-P16462-F1-model_v6.pdb,56.716807,0.000194,12,v4,110.404038,200.066849,1.0,1.5443599999999993,0.7620480851033408,0.7801418439716313,0.7860920288938039,0.8619807258493023,0.8053801124502914,0.9818996464881752,1.0,1.0,0.0,0.2625671180655047,0.24931635776165526,0.4288890277765375,0.4678984580785285,0.7337425427652047,0.7337425024601385,0.7352941176470589,0.5194805194805195,0.6363636363636364,0.3,0.42857142857142855,0.031496062992125984,0.0,0.0,0.3853923598558298,0.36966123392204997,0.3,0.42857142857142855,0.7815191855912295,0.36498642264548764,0.12499603237581337,0.031496062992125984,0.9818996464881752,1.0,0.0,0.4275767684115994,0.6545068863560699,0.018100353511824856,,0.9617216082444671,
Acid phosphatase,P0DM80,AF-P0DM80-F1,55467.0,487,5.963456,-8.319043,32544.682261,56.165028,169.754318,169.754318,1.0,0.135524,0.125257,0.445585,0.24846,50.924025,48.377823,23,21,54,62.5,50.0,200.0,AF-P0DM80-F1,UniProt/AlphaFold,7.4,150.0,PBS,0.010267,0.102669,5,4,487,https://alphafold.ebi.ac.uk/files/AF-P0DM80-F1-model_v6.pdb,66.826863,-0.000256,16,v4,112.330056,169.754318,1.0,1.4365440000000005,0.34463135469019207,0.3325453112687155,0.3310440778738668,0.5131582328453956,0.4364353728899128,1.0,0.8404594722500005,0.8404594722500005,0.0,0.2388842517036465,0.27792558118853705,0.7168924086987317,0.35520032656079104,0.6341029266414087,0.6341028910102062,0.29411764705882354,0.2337662337662338,0.3706293706293706,0.3,0.42857142857142855,0.06299212598425197,0.0,0.0,0.34342031748118446,0.46061768145016035,0.3,0.42857142857142855,0.33672670321064996,0.43353207734117294,0.11071258530392003,0.06299212598425197,1.0,0.8404594722500005,0.0,0.3976285533575496,0.5298345328017839,0.0,,1.0,
Galactose oxidase,P0CS93,AF-P0CS93-F1,72823.0,680,8.299934,2.462554,27030.858743,27.089966,112.474625,63.667633,1.76659,0.094118,0.072059,0.383824,0.344118,51.029412,48.477941,22,17,65,37.5,37.5,162.5,AF-P0CS93-F1,UniProt/AlphaFold,7.4,150.0,PBS,0.022059,0.114706,3,3,680,https://alphafold.ebi.ac.uk/files/AF-P0CS93-F1-model_v6.pdb,39.751263,9.1e-05,13,v4,54.179932,84.62265149658586,1.766590333270282,0.899934,0.46871179679289665,0.4846335697399527,0.6877175992295229,0.7021395511107003,0.36189595599348234,0.4535161139945476,0.5389857203360489,0.2821053805989938,0.10398667824561092,0.10992413011249672,0.08080688311014608,0.5330815498671141,0.7235747623962167,0.6377054322435856,0.6377054091674477,0.27941176470588236,0.18181818181818182,0.44755244755244755,0.09999999999999998,0.2857142857142857,0.03937007874015748,0.0,0.0,0.37571619504606657,0.5273235096897184,0.10000000000000003,0.2857142857142857,0.4878621769772905,0.2499609152943459,0.12172671004602445,0.03937007874015748,0.4535161139945476,0.392395567517279,0.10398671781092772,0.24857357376125708,0.666557556103562,0.5118216467351431,,0.6833841292556725,
Manganese peroxidase,K7N5M8,AF-K7N5M8-F1,50225.0,464,5.344423,-17.206772,18399.285287,21.819067,68.716911,68.716911,1.0,0.127155,0.131466,0.443966,0.200431,45.905172,43.609914,21,21,52,50.0,62.5,200.0,AF-K7N5M8-F1,UniProt/AlphaFold,7.4,150.0,PBS,-0.00431,0.109914,4,5,464,https://alphafold.ebi.ac.uk/files/AF-K7N5M8-F1-model_v6.pdb,39.653632,-0.000935,16,v4,43.638134,68.716911,1.0,2.0555770000000004,0.3071555723957477,0.3144208037825059,0.2365460000210663,0.3573728939197449,0.24520878778641547,0.3544462867913501,0.3086806763694612,0.3086806763694612,0.0,0.21281877187955492,0.3009322731011791,0.7120739993392916,0.17024291809793735,0.46254053233278425,0.4625405471302413,0.2647058823529412,0.2337662337662338,0.35664335664335667,0.2,0.5714285714285714,0.06299212598425197,0.0,0.0,0.30349689420580406,0.5007675298837898,0.2,0.5714285714285714,0.31871574001566166,0.2492989821840254,0.08916045072210761,0.06299212598425197,0.3544462867913501,0.3086806763694612,0.0,0.5695782955994602,0.3905414708445387,0.64555371320865,,0.34872737183967917,
RNase A,Q9BUL9,AF-Q9BUL9-F1,20632.0,199,9.663376,6.309001,16041.508629,29.844463,97.216988,97.216988,1.0,0.135678,0.085427,0.447236,0.221106,44.221106,42.01005,9,6,22,62.5,37.5,200.0,AF-Q9BUL9-F1,UniProt/AlphaFold,7.4,150.0,PBS,0.050251,0.050251,5,3,199,https://alphafold.ebi.ac.uk/files/AF-Q9BUL9-F1-model_v6.pdb,80.610596,0.000393,16,v4,59.688926,97.216988,1.0,2.263375999999999,0.09559112648970167,0.10559495665878645,0.8958529462365129,0.7695606042902642,0.21333484465319702,0.5052885994513407,0.45868191927113877,0.45868191927113877,0.0,0.23936388892349467,0.130340376021758,0.7218060553030775,0.24986136570187456,0.4049731170022799,0.4049730856436278,0.08823529411764706,0.03896103896103896,0.14685314685314685,0.3,0.2857142857142857,0.06299212598425197,0.0,0.0,0.45292832024189045,0.1701311727967459,0.3,0.2857142857142857,0.11119812059514489,0.5269850713340373,0.13131249008093954,0.06299212598425197,0.5052885994513407,0.45868191927113877,0.0,0.6272989413293754,0.5869374865815524,0.49471140054865925,,0.42291371607573497,
Cutinase,Q79FA4,AF-Q79FA4-F1,18787.0,187,5.553533,-4.673814,9825.863725,16.253756,52.724396,52.724396,1.0,0.058824,0.053476,0.497326,0.283422,40.0,38.0,4,3,23,25.0,25.0,212.5,AF-Q79FA4-F1,UniProt/AlphaFold,7.4,150.0,PBS,0.005348,0.090909,2,2,187,https://alphafold.ebi.ac.uk/files/AF-Q79FA4-F1-model_v6.pdb,52.544726,-0.000476,17,v4,32.507512,52.724396,1.0,1.8464670000000005,0.08240096656348075,0.09613869188337275,0.26846755034196856,0.5770523091866758,0.12930775432886182,0.2498428028122311,0.22450907475857013,0.22450907475857013,0.0,0.0,0.01194984400358684,0.8708821052192984,0.4898373357568663,0.26068057605906025,0.26068057144592527,0.01470588235294118,0.0,0.15384615384615383,0.0,0.14285714285714285,0.07086614173228345,0.0,0.0,0.3299481819874892,0.39544691297818213,0.0,0.14285714285714285,0.10180109631949882,0.3366999301089053,0.10372956673543883,0.07086614173228345,0.2498428028122311,0.22450907475857013,0.0,0.5114934913964437,0.49870331791850325,0.750157197187769,,0.31166778189625427,
Thermolysin,P03956,AF-P03956-F1,54007.0,469,6.472733,-4.290739,25154.886134,26.895493,112.745087,59.260372,1.902538,0.149254,0.123667,0.405117,0.247335,52.025586,49.424307,24,20,48,62.5,50.0,175.0,AF-P03956-F1,UniProt/AlphaFold,7.4,150.0,PBS,0.025586,0.17484,5,4,469,https://alphafold.ebi.ac.uk/files/AF-P03956-F1-model_v6.pdb,53.635152,-0.000171,14,v4,53.790986,81.73931610181458,1.9025376182248739,0.9272670000000005,0.3341936129599577,0.31836091410559497,0.4087874253119529,0.5837669005866774,0.3365353502482958,0.44986087292358645,0.5404092124956551,0.2589091405399901,0.1224278018372757,0.2816467129277803,0.2720340301914198,0.5964530078600486,0.35086800474437374,0.6717582320741442,0.6717582338183179,0.30882352941176466,0.2207792207792208,0.3286713286713287,0.3,0.42857142857142855,0.047244094488188976,0.0,0.0,0.3853759270823063,0.8605700225548492,0.3,0.42857142857142855,0.32263116679718085,0.34409296176641513,0.11341056975083322,0.047244094488188976,0.44986087292358645,0.37722003332773657,0.12242774340725582,0.25616590293385083,0.6312210318894484,0.509329879273995,,0.6744236354692572,
Hexokinase,Q969A8,AF-Q969A8-F1,51468.0,468,5.855405,-8.779362,19020.437908,22.79883,80.322617,80.322617,1.0,0.143162,0.136752,0.405983,0.228632,50.854701,48.311966,23,22,48,62.5,62.5,175.0,AF-Q969A8-F1,UniProt/AlphaFold,7.4,150.0,PBS,0.00641,0.096154,5,5,468,https://alphafold.ebi.ac.uk/files/AF-Q969A8-F1-model_v6.pdb,40.641961,-0.000462,14,v4,45.59766,80.322617,1.0,1.5445950000000002,0.3160419511427897,0.31757289204097716,0.31454962311931756,0.5050896979666974,0.25360592890308,0.3728615421605169,0.3697636806277113,0.3697636806277113,0.0,0.26267301199715953,0.32051890113310466,0.5990303658003052,0.2788436359155254,0.6317331837094973,0.6317331768900536,0.29411764705882354,0.24675324675324678,0.3286713286713287,0.3,0.5714285714285714,0.047244094488188976,0.0,0.0,0.3328567829011514,0.424513297385965,0.3,0.5714285714285714,0.321848081440877,0.25599980148312046,0.10417394064434218,0.047244094488188976,0.3728615421605169,0.3697636806277113,0.0,0.4276420447206605,0.5095821724252438,0.6271384578394831,,0.4764730666221215,
Ketoreductase,P9WIB7,AF-P9WIB7-F1,41348.0,381,9.093024,3.564598,17044.992621,20.354479,65.270226,65.270226,1.0,0.133858,0.099738,0.506562,0.175853,40.944882,38.897638,18,13,48,62.5,37.5,225.0,AF-P9WIB7-F1,UniProt/AlphaFold,7.4,150.0,PBS,0.034121,0.097113,5,3,381,https://alphafold.ebi.ac.uk/files/AF-P9WIB7-F1-model_v6.pdb,44.737513,0.000209,18,v4,40.708958,65.270226,1.0,1.6930239999999994,0.24369267284828816,0.24901497241922776,0.8087862346080529,0.7214563302396522,0.22690058744209823,0.32691844380216045,0.29054012770039733,0.29054012770039733,0.0,0.23369544905256076,0.18336804037379853,0.898369955030163,0.0755942020055762,0.292980031384634,0.2929800300211045,0.22058823529411764,0.12987012987012986,0.3286713286713287,0.3,0.2857142857142857,0.07874015748031496,0.0,0.0,0.4087515474195068,0.4298278183863584,0.3,0.2857142857142857,0.2537196554424432,0.28376743137361987,0.12547214727820982,0.07874015748031496,0.32691844380216045,0.29054012770039733,0.0,0.4688713948380604,0.6069945433026158,0.6730815561978396,,0.4070262291274886,
Luciferase,Q8W209,AF-Q8W209-F1,137005.0,1238,5.902297,-24.234352,57378.00702,39.031372,130.547073,130.547073,1.0,0.142973,0.132472,0.396607,0.229402,50.484653,47.96042,62,57,123,62.5,62.5,175.0,AF-Q8W209-F1,UniProt/AlphaFold,7.4,150.0,PBS,0.010501,0.132472,5,5,1238,https://alphafold.ebi.ac.uk/files/AF-Q8W209-F1-model_v6.pdb,46.34734,-0.000422,14,v4,78.062744,130.547073,1.0,1.4977030000000005,0.9275577829092703,0.9243498817966904,0.3217078907184172,0.23419250305419037,0.7721482481919093,0.677962271847928,0.6341043988671959,0.6341043988671959,0.0,0.2620843663182548,0.30465988335470107,0.5711258530429787,0.2818088695143177,0.6190836159917106,0.6190835949157276,0.8676470588235294,0.7012987012987013,0.8531468531468531,0.3,0.5714285714285714,0.047244094488188976,0.0,0.0,0.3440611956486016,0.6257779206313141,0.3,0.5714285714285714,0.9248238057948316,0.29468197484022296,0.10544358038406604,0.047244094488188976,0.677962271847928,0.6341043988671959,0.0,0.41461678223351095,0.4341245288917461,0.32203772815207204,,0.7299114461522075,
Creatine kinase,P12277,AF-P12277-F1,42644.0,381,5.343513,-15.394199,16901.620049,21.554159,76.081657,76.081657,1.0,0.144357,0.149606,0.406824,0.215223,50.918635,48.372703,19,20,39,62.5,62.5,175.0,AF-P12277-F1,UniProt/AlphaFold,7.4,150.0,PBS,-0.005249,0.112861,5,5,381,https://alphafold.ebi.ac.uk/files/AF-P12277-F1-model_v6.pdb,44.361207,-0.000911,14,v4,43.108318,76.081657,1.0,2.0564870000000006,0.252957955918414,0.24901497241922776,0.23640708456608073,0.38914392329434483,0.22496238469024485,0.3494671760581061,0.3474427138774707,0.3474427138774707,0.0,0.266394872242086,0.36814782976011373,0.6015333196429792,0.227206210816556,0.633918677111621,0.6339186594737685,0.23529411764705882,0.2207792207792208,0.26573426573426573,0.3,0.5714285714285714,0.047244094488188976,0.0,0.0,0.3009251651493739,0.5170990141258749,0.3,0.5714285714285714,0.2537196554424432,0.2812160962340406,0.08992223456594192,0.047244094488188976,0.3494671760581061,0.3474427138774707,0.0,0.569831067689866,0.39915561783198783,0.6505328239418939,,0.34455933798726296,
Pyruvate kinase,Q59636,AF-Q59636-F1,15592.0,143,5.475778,-3.674912,7933.375882,14.50593,48.21508,48.21508,1.0,0.146853,0.153846,0.468531,0.167832,46.853147,44.51049,7,8,17,62.5,62.5,200.0,AF-Q59636-F1,UniProt/AlphaFold,7.4,150.0,PBS,-0.006993,0.083916,5,5,143,https://alphafold.ebi.ac.uk/files/AF-Q59636-F1-model_v6.pdb,55.478153,-0.000463,16,v4,29.01186,48.21508,1.0,1.9242220000000003,0.05955947010587873,0.06146572104018913,0.25659791165801393,0.5945612011233574,0.1037238850156178,0.21699132533158577,0.20077570012114648,0.20077570012114648,0.0,0.27416873263650976,0.3838586324190931,0.7851834656238185,0.04470571019270164,0.4949457174905718,0.49494572294254024,0.058823529411764705,0.06493506493506494,0.11188811188811189,0.3,0.5714285714285714,0.06299212598425197,0.0,0.0,0.29614870564520546,0.3566935810118094,0.3,0.5714285714285714,0.06734534064212999,0.3565884128450049,0.10414219965084909,0.06299212598425197,0.21699132533158577,0.20077570012114648,0.0,0.5330916165497388,0.4764774218654136,0.7830086746684142,,0.26828993979264254,
Hemoglobin,P68871,AF-P68871-F1,15998.0,147,6.744538,-1.457542,7897.923216,15.08029,49.522865,49.522865,1.0,0.156463,0.102041,0.47619,0.176871,43.537415,41.360544,8,5,17,62.5,50.0,212.5,AF-P68871-F1,UniProt/AlphaFold,7.4,150.0,PBS,0.054422,0.14966,5,4,147,https://alphafold.ebi.ac.uk/files/AF-P68871-F1-model_v6.pdb,53.727369,-0.000185,17,v4,30.16058,49.522865,1.0,0.655462,0.06246202020346447,0.06461780929866037,0.4502796398639727,0.6334275681079459,0.10324461304718482,0.2277867790013352,0.20765881750529147,0.20765881750529147,0.0,0.3040993409660018,0.1919015258746545,0.8079779049591816,0.07951447188034322,0.3816021067480928,0.38160209183395133,0.07352941176470588,0.025974025974025983,0.11188811188811189,0.3,0.42857142857142855,0.07086614173228345,0.0,0.0,0.46435183663632085,0.7210292104694399,0.3,0.42857142857142855,0.07047768206734534,0.34471818823786815,0.11296619584192986,0.07086614173228345,0.2277867790013352,0.20765881750529147,0.0,0.18066621278799008,0.721865917500685,0.7722132209986649,,0.557653612624681,
Ene reductase,A0A125RY23,AF-A0A125RY23-F1,43559.0,403,8.545687,2.504779,17440.878967,20.449642,72.144806,72.144806,1.0,0.131514,0.099256,0.488834,0.193548,42.431762,40.310174,19,14,49,62.5,37.5,212.5,AF-A0A125RY23-F1,UniProt/AlphaFold,7.4,150.0,PBS,0.032258,0.099256,5,3,403,https://alphafold.ebi.ac.uk/files/AF-A0A125RY23-F1-model_v6.pdb,43.277615,0.000144,17,v4,40.899284,72.144806,1.0,1.1456869999999988,0.259499417345239,0.26635145784081954,0.7252328627559571,0.7028796767306574,0.23225243399499665,0.32870709161463757,0.32672232974943094,0.32672232974943094,0.0,0.226394996823182,0.1815820481847353,0.8456085213524877,0.14373681048691445,0.3438069220804978,0.3438069201683014,0.23529411764705882,0.14285714285714285,0.3356643356643357,0.3,0.2857142857142857,0.07086614173228345,0.0,0.0,0.4036491712404553,0.441703750090053,0.3,0.2857142857142857,0.27094753328112764,0.273869398741662,0.12340898270115856,0.07086614173228345,0.32870709161463757,0.32672232974943094,0.0,0.3168367600617872,0.656641028620269,0.6712929083853624,,0.5295711466515487,
Glutathione reductase,P23886,AF-P23886-F1,62920.0,573,8.754436,2.616824,30598.384897,35.161797,126.089958,126.089958,1.0,0.106457,0.082024,0.493892,0.235602,42.408377,40.287958,21,16,71,50.0,37.5,212.5,AF-P23886-F1,UniProt/AlphaFold,7.4,150.0,PBS,0.024433,0.092496,4,3,573,https://alphafold.ebi.ac.uk/files/AF-P23886-F1-model_v6.pdb,53.400323,8.6e-05,17,v4,70.323594,126.089958,1.0,1.3544359999999998,0.3979138814815874,0.40031520882584715,0.7570993048579039,0.7048436169340462,0.410124071821604,0.605231201379719,0.6106457678692617,0.6106457678692617,0.0,0.14835428372098816,0.11773097473673291,0.8606619583753715,0.30568477641368474,0.3430075389164746,0.3430075280172269,0.2647058823529412,0.16883116883116883,0.48951048951048953,0.2,0.2857142857142857,0.07086614173228345,0.0,0.0,0.3822180957702041,0.4042416416826914,0.2,0.2857142857142857,0.40407204385277995,0.34250083334036757,0.12156800507855897,0.07086614173228345,0.605231201379719,0.6106457678692617,0.0,0.37482128874322546,0.6225570548942527,0.394768798620281,,0.7036729762896344,
β-Lactamase,P35804,AF-P35804-F1,20892.0,201,8.357311,1.269951,12358.80168,24.097916,93.530083,75.714126,1.235306,0.089552,0.064677,0.41791,0.293532,44.776119,42.537313,6,5,21,37.5,25.0,187.5,AF-P35804-F1,UniProt/AlphaFold,7.4,150.0,PBS,0.024876,0.114428,3,2,201,https://alphafold.ebi.ac.uk/files/AF-P35804-F1-model_v6.pdb,61.486576,0.000103,15,v4,48.195832,84.15193692989162,1.2353055888144309,0.9573109999999989,0.09744990241426396,0.10717100078802207,0.6964764476478787,0.6812354413478185,0.1635496406685648,0.397278672054695,0.4392770477523562,0.3455083293912499,0.03191887359770115,0.09570319799673596,0.053453782820385515,0.6345270726749462,0.5287704678137372,0.42394545174737264,0.4239454435726868,0.044117647058823525,0.025974025974025983,0.13986013986013984,0.09999999999999998,0.14285714285714285,0.05511811023622047,0.0,0.0,0.383431382215357,0.5257829081901256,0.10000000000000003,0.14285714285714285,0.11276429130775256,0.39732520878595845,0.12210760196794161,0.05511811023622047,0.397278672054695,0.38991810859476234,0.03191881608915792,0.2645112707186308,0.6581669847240815,0.5920817225822524,,0.6258850543783364,
Epoxide hydrolase,P34914,AF-P34914-F1,62515.0,554,5.854325,-7.689701,24706.687148,28.069817,92.83065,92.83065,1.0,0.120939,0.117329,0.472924,0.229242,46.750903,44.413357,23,23,66,50.0,50.0,212.5,AF-P34914-F1,UniProt/AlphaFold,7.4,150.0,PBS,0.00361,0.117329,4,4,554,https://alphafold.ebi.ac.uk/files/AF-P34914-F1-model_v6.pdb,44.596908,-0.000311,17,v4,56.139634,92.83065,1.0,1.5456750000000001,0.39501848052217303,0.38534278959810875,0.3143847564254886,0.5241894261648754,0.3304763077415945,0.47193302337848386,0.4355958008797092,0.4355958008797092,0.0,0.1934588695511343,0.2485493445186344,0.7982577536510088,0.28119271707820515,0.49145065089992035,0.4914506132103509,0.29411764705882354,0.25974025974025977,0.4545454545454546,0.2,0.42857142857142855,0.07086614173228345,0.0,0.0,0.32518815525684425,0.5418594727596162,0.2,0.42857142857142855,0.389193422083007,0.2828141367748079,0.10896683066179973,0.07086614173228345,0.47193302337848386,0.4355958008797092,0.0,0.4279420379708123,0.5111665033377999,0.5280669766215161,,0.5551603995345568,
Carbonyl reductase,Q0E9S7,AF-Q0E9S7-F1,27160.0,255,8.882792,3.34423,12464.81544,17.844271,57.658169,57.658169,1.0,0.137255,0.101961,0.462745,0.203922,44.313725,42.098039,12,9,30,62.5,50.0,200.0,AF-Q0E9S7-F1,UniProt/AlphaFold,7.4,150.0,PBS,0.035294,0.062745,5,4,255,https://alphafold.ebi.ac.uk/files/AF-Q0E9S7-F1-model_v6.pdb,48.881629,0.000268,16,v4,35.688542,57.658169,1.0,1.4827919999999999,0.14226070047255804,0.14972419227738376,0.7766934061107839,0.7175936895618853,0.16498280294291057,0.27973752214077324,0.2504764460816279,0.2504764460816279,0.0,0.24427549863583695,0.19160509563580583,0.7679633812793337,0.18368659406337118,0.40813916657545324,0.4081391693662102,0.13235294117647056,0.07792207792207793,0.20279720279720279,0.3,0.42857142857142855,0.06299212598425197,0.0,0.0,0.411964154643354,0.23936957256620978,0.3,0.42857142857142855,0.15505090054815976,0.31186432266233916,0.1273448658943025,0.06299212598425197,0.27973752214077324,0.2504764460816279,0.0,0.4104749309807196,0.6301024065608757,0.7202624778592268,,0.4159612074367556,
Penicillin G acylase,Q60136,AF-Q60136-F1,91988.0,802,6.255381,-6.417831,34997.977687,28.917053,136.027695,20.0,6.801385,0.149626,0.139651,0.376559,0.259352,54.862843,52.119701,42,39,76,62.5,62.5,162.5,AF-Q60136-F1,UniProt/AlphaFold,7.4,150.0,PBS,0.009975,0.144638,5,5,802,https://alphafold.ebi.ac.uk/files/AF-Q60136-F1-model_v6.pdb,43.638376,-0.000183,13,v4,57.834106,52.15892924514459,6.8013847499999995,1.1446190000000005,0.6057250298476519,0.5807722616233255,0.3756076978701818,0.546482938829288,0.46960060023745953,0.48785735130059504,0.6629499388941325,0.05227444980626972,0.7869483757600717,0.28280531712118007,0.3312607919133831,0.5114597191096505,0.3971449036491629,0.7687458513945158,0.7687458466943176,0.573529411764706,0.4675324675324676,0.5244755244755245,0.3,0.5714285714285714,0.03937007874015748,0.0,0.0,0.3426205891697067,0.693198632300539,0.3,0.5714285714285714,0.5833985904463587,0.2763153395884457,0.11302967782891606,0.03937007874015748,0.48785735130059504,0.221532917324052,0.7869482991486818,0.3165401000699708,0.5712999436139659,0.2498265489831777,,0.6565961931369839,
Old yellow enzyme,W8NJY1,AF-W8NJY1-F1,46517.0,425,6.280959,-6.215369,19464.373262,23.663561,98.422798,54.995183,1.789662,0.148235,0.122353,0.409412,0.216471,48.705882,46.270588,22,18,43,62.5,50.0,175.0,AF-W8NJY1-F1,UniProt/AlphaFold,7.4,150.0,PBS,0.025882,0.108235,5,4,425,https://alphafold.ebi.ac.uk/files/AF-W8NJY1-F1-model_v6.pdb,45.798525,-0.000319,14,v4,47.327122,73.57159633569218,1.7896621600477265,1.1190410000000002,0.28064656805622085,0.28368794326241137,0.3795122907356977,0.5500317206710347,0.25960733288687543,0.3891146994961533,0.4650283231318466,0.2364606520250095,0.10711635726631655,0.27847300950553755,0.26716516351833053,0.6092356318247157,0.23201219981823495,0.558278844127154,0.558278839899772,0.27941176470588236,0.19480519480519481,0.2937062937062937,0.3,0.42857142857142855,0.047244094488188976,0.0,0.0,0.386186610576133,0.49146296183409155,0.3,0.42857142857142855,0.28817541111981204,0.29096103763850883,0.10871290271385496,0.047244094488188976,0.3891146994961533,0.33423179450329554,0.10711637316446432,0.3094352599288739,0.6003448255719035,0.5751798427823586,,0.5835919776282504,
Nitrilase,A0A8B6X7C6,AF-A0A8B6X7C6-F1,29386.0,275,6.069177,-4.53352,12194.227867,17.807459,63.011337,63.011337,1.0,0.127273,0.112727,0.494545,0.167273,40.727273,38.690909,12,11,34,50.0,50.0,212.5,AF-A0A8B6X7C6-F1,UniProt/AlphaFold,7.4,150.0,PBS,0.014545,0.105455,4,4,275,https://alphafold.ebi.ac.uk/files/AF-A0A8B6X7C6-F1-model_v6.pdb,44.342647,-0.000372,17,v4,35.614918,63.011337,1.0,1.3308230000000005,0.15817468204207982,0.16548463356973997,0.3471828480019148,0.5795114017556814,0.16132482588851324,0.2790456176897481,0.27865117183628063,0.27865117183628063,0.0,0.21318628611294518,0.23149719502886487,0.8626053934042254,0.0425530276190329,0.28554137536838775,0.2855413578929322,0.13235294117647056,0.10389610389610392,0.23076923076923075,0.2,0.42857142857142855,0.07086614173228345,0.0,0.0,0.35513688500345086,0.4760569468381647,0.2,0.42857142857142855,0.1707126076742365,0.28109026039780466,0.10703063005872085,0.07086614173228345,0.2790456176897481,0.27865117183628063,0.0,0.3682622696544885,0.5692108685811249,0.7209543823102519,,0.4490391501329336,
Ovalbumin,I0J178,AF-I0J178-F1,43772.0,388,5.203462,-12.632628,17377.172668,22.143467,80.198784,80.198784,1.0,0.113402,0.126289,0.425258,0.283505,52.319588,49.703608,15,17,41,50.0,50.0,187.5,AF-I0J178-F1,UniProt/AlphaFold,7.4,150.0,PBS,-0.012887,0.121134,4,4,388,https://alphafold.ebi.ac.uk/files/AF-I0J178-F1-model_v6.pdb,44.786527,-0.000727,15,v4,44.286934,80.198784,1.0,2.1965380000000003,0.2610221837757458,0.2545311268715524,0.21502769073511763,0.43754912041525706,0.2313912112219812,0.3605435866911807,0.3691119243565882,0.3691119243565882,0.0,0.16998467652518404,0.2817495312696848,0.6563959250363834,0.49015696483309956,0.6818082747933722,0.6818082440446076,0.1764705882352941,0.18181818181818182,0.27972027972027974,0.2,0.42857142857142855,0.05511811023622047,0.0,0.0,0.28000624445393896,0.5629457630687895,0.2,0.42857142857142855,0.2592012529365701,0.28409974374847263,0.09576257736867165,0.05511811023622047,0.3605435866911807,0.3691119243565882,0.0,0.6087332479463656,0.3876230070276137,0.6394564133088193,,0.32239164928526987,
Ferritin,Q13772,AF-Q13772-F1,69726.0,614,5.724789,-11.896652,74232.637765,46.478359,189.398926,121.101647,1.563967,0.138436,0.136808,0.364821,0.314332,58.957655,56.009772,30,29,56,62.5,62.5,162.5,AF-Q13772-F1,UniProt/AlphaFold,7.4,150.0,PBS,0.001629,0.087948,5,5,614,https://alphafold.ebi.ac.uk/files/AF-Q13772-F1-model_v6.pdb,120.900062,-0.00016,13,v4,92.956718,151.44808311309563,1.5639665577793505,1.675211,0.44657091587609116,0.4326241134751773,0.2946105230441658,0.4504494091843166,1.0000000000000002,0.8179330273631558,0.9438527233038918,0.5843913528380282,0.07650120008106348,0.24795375549714085,0.3207264023002987,0.4765255072127331,0.6088702845083872,0.908721210498217,0.9087211898939214,0.39705882352941174,0.33766233766233766,0.38461538461538464,0.3,0.5714285714285714,0.03937007874015748,0.0,0.0,0.319762601198497,0.3790378444879162,0.3,0.5714285714285714,0.43617854346123724,0.8001455587051806,0.11375972067925727,0.03937007874015748,0.8179330273631558,0.7441103295481858,0.07650113594365493,0.4639234506112501,0.4705059443740634,0.15656659398895925,,0.80213993389266,
Peroxiredoxin,A0A2K4NR68,AF-A0A2K4NR68-F1,20095.0,181,4.547767,-11.658883,10764.530293,21.129576,85.587234,56.639292,1.511093,0.088398,0.132597,0.486188,0.226519,44.751381,42.513812,6,8,22,37.5,62.5,212.5,AF-A0A2K4NR68-F1,UniProt/AlphaFold,7.4,150.0,PBS,-0.044199,0.116022,3,5,181,https://alphafold.ebi.ac.uk/files/AF-A0A2K4NR68-F1-model_v6.pdb,59.472543,-0.001083,17,v4,42.259152,69.62471068520377,1.5110929352718603,2.852233,0.0917520392916634,0.09141055949566589,0.11493299924420841,0.4546170569884984,0.14199725344149805,0.3414868743214545,0.3974723458850473,0.24511390560975715,0.06932892855970468,0.09210903337527562,0.305123055602902,0.8377335916643599,0.2707065728061122,0.42309981819117826,0.42309981362389326,0.044117647058823525,0.06493506493506494,0.14685314685314685,0.09999999999999998,0.5714285714285714,0.07086614173228345,0.0,0.0,0.19424907702588712,0.5346164290187254,0.10000000000000003,0.5714285714285714,0.0971025841816758,0.3836701696285379,0.08446278368512936,0.07086614173228345,0.3414868743214545,0.3134585961303909,0.06932891601769695,0.7908666499448206,0.2734073340623923,0.6354034870059798,,0.16211145270527508,
Glutathione peroxidase,P77526,AF-P77526-F1,24516.0,215,6.446076,-2.466215,11290.736117,17.633368,54.486713,54.486713,1.0,0.139535,0.111628,0.451163,0.223256,47.44186,45.069767,10,8,24,62.5,50.0,200.0,AF-P77526-F1,UniProt/AlphaFold,7.4,150.0,PBS,0.027907,0.144186,5,4,215,https://alphafold.ebi.ac.uk/files/AF-P77526-F1-model_v6.pdb,52.515052,-0.000218,16,v4,35.266736,54.486713,1.0,0.9539240000000007,0.12335837914739378,0.11820330969267141,0.40471811840695404,0.6157474087365077,0.14911084261612817,0.2757734689941211,0.23378447918596013,0.23378447918596013,0.0,0.2513766211115125,0.22742498462268138,0.7334934509513306,0.2581409140621389,0.5150700390916654,0.5150700317324428,0.10294117647058824,0.06493506493506494,0.16083916083916083,0.3,0.42857142857142855,0.06299212598425197,0.0,0.0,0.39173267164031944,0.6906937694306978,0.3,0.42857142857142855,0.12372748629600627,0.33649874192978546,0.1119187430566577,0.06299212598425197,0.2757734689941211,0.23378447918596013,0.0,0.26357045855357164,0.6423061281135003,0.7242265310058787,,0.529836178746619,
Thioredoxin reductase,P0AAC8,AF-P0AAC8-F1,11556.0,107,4.749944,-5.759602,6489.910057,13.747202,41.709583,41.709583,1.0,0.11215,0.149533,0.392523,0.224299,48.598131,46.168224,4,6,10,50.0,62.5,175.0,AF-P0AAC8-F1,UniProt/AlphaFold,7.4,150.0,PBS,-0.037383,0.102804,4,5,107,https://alphafold.ebi.ac.uk/files/AF-P0AAC8-F1-model_v6.pdb,60.653365,-0.000887,14,v4,27.494404,41.709583,1.0,2.650056,0.030705548446134816,0.033096926713948,0.14579619698333646,0.5580204674663214,0.0842101844856356,0.20273056035501774,0.16653605102500074,0.16653605102500074,0.0,0.16608528821836574,0.3678773371671644,0.5589711996619077,0.2621574577550485,0.5545955285271256,0.5545955045490076,0.01470588235294118,0.03896103896103896,0.06293706293706294,0.2,0.5714285714285714,0.047244094488188976,0.0,0.0,0.2129167077486005,0.461365815271905,0.2,0.5714285714285714,0.03915426781519186,0.3916760814720597,0.09068401840977625,0.047244094488188976,0.20273056035501774,0.16653605102500074,0.0,0.7347076357448623,0.3390105133026422,0.7972694396449822,,0.096309455002143,
Fructose dehydrogenase,P00343,AF-P00343-F1,35531.0,326,5.242795,-9.555119,15290.265592,20.084429,69.597435,69.597435,1.0,0.122699,0.131902,0.45092,0.223926,47.852761,45.460123,14,15,37,50.0,62.5,200.0,AF-P00343-F1,UniProt/AlphaFold,7.4,150.0,PBS,-0.009202,0.092025,4,5,326,https://alphafold.ebi.ac.uk/files/AF-P00343-F1-model_v6.pdb,46.902655,-0.000625,16,v4,40.168858,69.597435,1.0,2.1572050000000003,0.2021061361052925,0.20567375886524825,0.2210320441317608,0.4914921223465423,0.20317905752241938,0.3218426859786424,0.3133150390908236,0.3133150390908236,0.0,0.19894043777797157,0.3025478179029043,0.732770243122829,0.26072105238836074,0.5291161088577669,0.5291161031460558,0.16176470588235292,0.15584415584415584,0.2517482517482518,0.2,0.5714285714285714,0.06299212598425197,0.0,0.0,0.2900987061929646,0.4016314859046045,0.2,0.5714285714285714,0.2106499608457322,0.29844698170441186,0.09900015870496748,0.06299212598425197,0.3218426859786424,0.3133150390908236,0.0,0.5978076604387512,0.41497536719966405,0.6781573140213576,,0.3002641572137201,
DNA polymerase,Q00403,AF-Q00403-F1,34833.0,316,8.667919,4.097595,21585.444847,28.931097,89.656075,89.656075,1.0,0.142405,0.120253,0.420886,0.262658,52.531646,49.905063,16,13,33,62.5,50.0,187.5,AF-Q00403-F1,UniProt/AlphaFold,7.4,150.0,PBS,0.022152,0.06962,5,4,316,https://alphafold.ebi.ac.uk/files/AF-Q00403-F1-model_v6.pdb,68.30837,0.00019,15,v4,57.862194,89.656075,1.0,1.2679189999999991,0.1971160376616599,0.19779353821907014,0.7438921087930886,0.7307987751197058,0.2882813444190464,0.48812131702128936,0.418887418102898,0.418887418102898,0.0,0.26031531475413916,0.2593838697485531,0.6433841364511624,0.40987615336034133,0.6890571777224475,0.68905714329716,0.19117647058823528,0.12987012987012986,0.22377622377622378,0.3,0.42857142857142855,0.05511811023622047,0.0,0.0,0.37597090303568104,0.27746898015505767,0.3,0.42857142857142855,0.2028191072826938,0.4435766178710414,0.12486906840184099,0.05511811023622047,0.48812131702128936,0.418887418102898,0.0,0.35078932946230906,0.6365344549633414,0.5118786829787106,,0.629521479455249,
Sarcosine oxidase,P40859,AF-P40859-F1,43182.0,390,5.335954,-17.286369,15752.224238,20.874603,66.694191,66.694191,1.0,0.130769,0.135897,0.405128,0.233333,50.0,47.5,18,19,39,62.5,62.5,175.0,AF-P40859-F1,UniProt/AlphaFold,7.4,150.0,PBS,-0.005128,0.141026,5,5,390,https://alphafold.ebi.ac.uk/files/AF-P40859-F1-model_v6.pdb,40.390319,-0.001097,14,v4,41.749206,66.694191,1.0,2.0640460000000003,0.2568041922546237,0.256107171000788,0.23525317036362414,0.35597770673272955,0.2094241119734176,0.33669449809654856,0.29803472218336974,0.29803472218336974,0.0,0.22407467390898103,0.3173508029554094,0.596485745662985,0.29694696467906156,0.6025164383738648,0.6025164300706742,0.22058823529411764,0.2077922077922078,0.26573426573426573,0.3,0.5714285714285714,0.047244094488188976,0.0,0.0,0.3012565594154315,0.6731818962698601,0.3,0.5714285714285714,0.26076742364917777,0.2542936817901206,0.084018409776226,0.047244094488188976,0.33669449809654856,0.29803472218336974,0.0,0.571930742669401,0.3878933076008131,0.6633055019034515,,0.3327111233744759,
Cas9,A0ABD7TWL1,AF-A0ABD7TWL1-F1,30386.0,258,9.448567,15.342528,17943.917277,25.448952,81.354713,81.354713,1.0,0.205426,0.120155,0.341085,0.290698,61.627907,58.546512,19,11,22,87.5,50.0,150.0,AF-A0ABD7TWL1-F1,UniProt/AlphaFold,7.4,150.0,PBS,0.085271,0.155039,7,4,258,https://alphafold.ebi.ac.uk/files/AF-A0ABD7TWL1-F1-model_v6.pdb,69.550067,0.000855,12,v4,50.897904,81.354713,1.0,2.0485670000000002,0.16532382021347325,0.1520882584712372,0.8630614187969706,0.9279015106555479,0.2390528297968497,0.4226722345314753,0.3751957951723089,0.3751957951723089,0.0,0.45659594613113397,0.2590207427059634,0.40588328080404035,0.517856867789091,1.0,1.0,0.23529411764705882,0.10389610389610392,0.14685314685314685,0.5,0.42857142857142855,0.031496062992125984,0.0,0.0,0.5488409417074747,0.7508381869669546,0.5,0.42857142857142855,0.15740015661707127,0.45199525905351046,0.14597682907475007,0.031496062992125984,0.4226722345314753,0.3751957951723089,0.0,0.5676311171887521,0.7161516670714144,0.5773277654685248,,0.40463152244573475,
